/*
SQLyog Enterprise - MySQL GUI v8.05 
MySQL - 5.5.5-10.4.22-MariaDB : Database - db_psmr
*********************************************************************
*/

/*!40101 SET NAMES utf8 */;

/*!40101 SET SQL_MODE=''*/;

/*!40014 SET @OLD_FOREIGN_KEY_CHECKS=@@FOREIGN_KEY_CHECKS, FOREIGN_KEY_CHECKS=0 */;
/*!40101 SET @OLD_SQL_MODE=@@SQL_MODE, SQL_MODE='NO_AUTO_VALUE_ON_ZERO' */;

CREATE DATABASE /*!32312 IF NOT EXISTS*/`db_psmr` /*!40100 DEFAULT CHARACTER SET utf8mb4 */;

USE `db_psmr`;

/*Table structure for table `divisions` */

DROP TABLE IF EXISTS `divisions`;

CREATE TABLE `divisions` (
  `id` int(11) unsigned NOT NULL AUTO_INCREMENT,
  `name` varchar(255) NOT NULL,
  `division_code` varchar(10) NOT NULL,
  `is_active` enum('0','1') NOT NULL,
  `created_at` datetime DEFAULT NULL,
  `updated_at` datetime DEFAULT NULL,
  PRIMARY KEY (`id`)
) ENGINE=InnoDB AUTO_INCREMENT=16 DEFAULT CHARSET=utf8;

/*Data for the table `divisions` */

insert  into `divisions`(`id`,`name`,`division_code`,`is_active`,`created_at`,`updated_at`) values (1,'Divisi Sekretaris Perusahaan','SEKPER','1',NULL,NULL),(2,'Divisi Perencanaan Strategis dan ManRisk','PSMR','1',NULL,NULL),(3,'Divisi Keuangan','KEU','1',NULL,NULL),(4,'Divisi Komersial','KOM','1',NULL,NULL),(5,'Divisi SDM dan Umum','SDM','1',NULL,NULL),(6,'Divisi Satuan Pengawasan Internal','','1',NULL,NULL),(7,'Divisi Operasi dan Teknik','','1',NULL,NULL),(8,'SBU Transjabodetabek','SBUTJB','1',NULL,NULL),(9,'SBU Transbusway','SBUTBW','1',NULL,NULL),(11,'SBU Trans PPD MAC','SBUMAC','1',NULL,NULL),(12,'SBU Aset dan Logistik','SBUASLOG','1',NULL,NULL),(13,'SBU Pemeliharaan dan Perbaikan Bus','','1',NULL,NULL),(14,'SBU Pariwisata Jakarta','SBUPARJKT','1',NULL,NULL),(15,'SBU Pariwisata Bali','SBUPARBALI','1',NULL,NULL);

/*Table structure for table `groups` */

DROP TABLE IF EXISTS `groups`;

CREATE TABLE `groups` (
  `id` int(11) unsigned NOT NULL AUTO_INCREMENT,
  `name` varchar(255) NOT NULL,
  `is_root` enum('0','1') NOT NULL,
  `is_need_credential` enum('0','1') NOT NULL,
  `can_approval_job` enum('0','1') NOT NULL,
  `is_active` enum('0','1') NOT NULL,
  `created_at` datetime DEFAULT NULL,
  `updated_at` datetime DEFAULT NULL,
  PRIMARY KEY (`id`)
) ENGINE=InnoDB AUTO_INCREMENT=3 DEFAULT CHARSET=utf8;

/*Data for the table `groups` */

insert  into `groups`(`id`,`name`,`is_root`,`is_need_credential`,`can_approval_job`,`is_active`,`created_at`,`updated_at`) values (1,'SuperRoot','1','0','0','1',NULL,NULL),(2,'RiskOwner','0','0','0','1',NULL,NULL);

/*Table structure for table `kpis` */

DROP TABLE IF EXISTS `kpis`;

CREATE TABLE `kpis` (
  `id` int(11) unsigned NOT NULL AUTO_INCREMENT,
  `name` varchar(255) NOT NULL,
  `year` varchar(4) NOT NULL,
  `description` varchar(500) NOT NULL,
  `is_active` enum('0','1') NOT NULL,
  `level` int(11) NOT NULL,
  `created_at` datetime DEFAULT NULL,
  `updated_at` datetime DEFAULT NULL,
  PRIMARY KEY (`id`)
) ENGINE=InnoDB AUTO_INCREMENT=22 DEFAULT CHARSET=utf8;

/*Data for the table `kpis` */

insert  into `kpis`(`id`,`name`,`year`,`description`,`is_active`,`level`,`created_at`,`updated_at`) values (1,'ROIC-WACC','2022','-','1',0,NULL,NULL),(2,'EBITDA','2022','-','1',0,NULL,NULL),(3,'IBD to EBITDA','2022','-','1',0,NULL,NULL),(4,'IBD to Invested Capital','2022','-','1',0,NULL,NULL),(5,'Safety Accident Rate','2022','-','1',0,NULL,NULL),(6,'Jumlah pengoperasian armada bus listrik','2022','-','1',0,NULL,NULL),(7,'Total km of PSO routes operated','2022','-','1',0,NULL,NULL),(8,'Realisasi Program Integrasi BUMN Transportasi Jalan (PPD dan DAMRI)','2022','-','1',0,NULL,NULL),(9,'Realisasi Program Bus Antar Jemput Karyawan di Kawasan Industri','2022','-','1',0,NULL,NULL),(10,'Realisasi program integrasi sistem pembayaran dengan platform transportasi online','2022','-','1',0,NULL,NULL),(11,'Project Timeline 2022 Pengembangan Fleet Management System (RFID, Automatic Start/Stop Engiine, Maintenance)','2022','-','1',0,NULL,NULL),(12,'Penyerapan anggaran investasi untuk penyediaan transportasi publik (jumlah armada bus listrik)','2022','-','1',0,NULL,NULL),(13,'Project milestone kerjasama pendayagunaan aset Perum PPD dengan PT.ACP Tahun 2022','2022','-','1',0,NULL,NULL),(14,'Rasio Perempuan dalam Nominated Talent terhadap Jumlah Jabatan Top Level Management','2022','-','1',0,NULL,NULL),(15,'Rasio Milenial dalam Nominated Talent terhadap Jumlah Jabatan Top Level Management','2022','-','1',0,NULL,NULL),(16,'ROIC-WACC, EBITDA, IBD To EBITDA','2022','-','1',0,NULL,NULL),(17,'IBD to EBITDA, IBD to Invested Capital','2022','-','1',0,NULL,NULL),(18,'Realisasi implementasi Enterprise Resouces Planing (ERP)','2022','-','1',0,NULL,NULL),(19,'Realisasi clean and clear lahan Ciracas','2022','-','1',0,NULL,NULL),(20,'Jumlah pengoperasian armada bus listrik, Penyerapan anggaran investasi untuk penyediaan transportasi publik (jumlah armada bus listrik)','2022','-','1',0,NULL,NULL),(21,'Kesejahteraan karyawan sesuai dengan target','2022','-','1',0,NULL,NULL);

/*Table structure for table `migrations` */

DROP TABLE IF EXISTS `migrations`;

CREATE TABLE `migrations` (
  `id` bigint(20) unsigned NOT NULL AUTO_INCREMENT,
  `version` varchar(255) NOT NULL,
  `class` varchar(255) NOT NULL,
  `group` varchar(255) NOT NULL,
  `namespace` varchar(255) NOT NULL,
  `time` int(11) NOT NULL,
  `batch` int(11) unsigned NOT NULL,
  PRIMARY KEY (`id`)
) ENGINE=InnoDB AUTO_INCREMENT=15 DEFAULT CHARSET=utf8;

/*Data for the table `migrations` */

insert  into `migrations`(`id`,`version`,`class`,`group`,`namespace`,`time`,`batch`) values (1,'2022-01-26-070211','App\\Database\\Migrations\\Group','default','App',1650859133,1),(2,'2022-02-06-090416','App\\Database\\Migrations\\Division','default','App',1650859133,1),(3,'2022-02-06-091308','App\\Database\\Migrations\\User','default','App',1650859133,1),(4,'2022-02-07-020647','App\\Database\\Migrations\\RiskCategory','default','App',1650859133,1),(5,'2022-02-07-075424','App\\Database\\Migrations\\KPI','default','App',1650859133,1),(6,'2022-02-07-103654','App\\Database\\Migrations\\RiskEvent','default','App',1650859133,1),(7,'2022-02-07-114021','App\\Database\\Migrations\\RiskCause','default','App',1650859133,1),(8,'2022-02-07-114043','App\\Database\\Migrations\\RiskMitigation','default','App',1650859133,1),(9,'2022-02-07-114432','App\\Database\\Migrations\\RiskMitigationDetail','default','App',1650859133,1),(10,'2022-02-14-093542','App\\Database\\Migrations\\RiskEventCategory','default','App',1650859133,1),(11,'2022-02-16-062319','App\\Database\\Migrations\\RiskMitigationDivision','default','App',1650859133,1),(12,'2022-02-26-135415','App\\Database\\Migrations\\RiskMitigationDetailOutput','default','App',1650859133,1),(13,'2022-02-26-135426','App\\Database\\Migrations\\RiskMitigationDetailEvidence','default','App',1650859133,1),(14,'2022-03-01-235818','App\\Database\\Migrations\\RiskMitigationDetailMonitoring','default','App',1650859133,1);

/*Table structure for table `risk_categories` */

DROP TABLE IF EXISTS `risk_categories`;

CREATE TABLE `risk_categories` (
  `id` int(11) unsigned NOT NULL AUTO_INCREMENT,
  `name` varchar(255) NOT NULL,
  `is_active` enum('0','1') NOT NULL,
  `description` varchar(500) NOT NULL,
  `created_at` datetime DEFAULT NULL,
  `updated_at` datetime DEFAULT NULL,
  PRIMARY KEY (`id`)
) ENGINE=InnoDB AUTO_INCREMENT=7 DEFAULT CHARSET=utf8;

/*Data for the table `risk_categories` */

insert  into `risk_categories`(`id`,`name`,`is_active`,`description`,`created_at`,`updated_at`) values (1,'Risiko Keuangan','1','Risiko yang diakibatkan ketidaktepatan dalam pengelolaan aset dan kewajiban perusahaan yang berdampak terhadap laba yang lebih rendah dan/atau mengalami kesulitan dalam memenuhi kewajiban keuangan.',NULL,NULL),(2,'Risiko Operasional','1','Risiko yang diakibatkan oleh kegagalan proses internal yang kurang memadai, kesalahan manusia, kegagalan dalam mengelola standar minimum keselamatan, kesehatan, standar minimum lingkungan, nilai-nilai kemasyarakatan, kegagalan sistem, dan/atau adanya kejadian-kejadian eksternal yang mempengaruhi operasional Perusahaan.',NULL,NULL),(3,'Risiko Strategis','1','Risiko yang terkait akibat ketidaktepatan dalam pengambilan dan/atau pelaksanaan suatu keputusan stratejik serta kegagalan dalam mengantisipasi perubahan lingkungan bisnis.',NULL,NULL),(4,'Risiko Pasar','1','Risiko yang diakibatkan oleh perubahan kondisi pasar antara lain perubahan nilai tukar, perubahan suku bunga, perubahan harga komoditas, terganggunya suplai dan permintaan.',NULL,NULL),(5,'Risiko Hukum & Kepatuhan','1','Risiko yang disebabkan sebagai akibat tuntutan hukum dan/atau kelemahan aspek yuridis, serta akibat tidak mematuhinya peraturan perundang-undangan dan ketentuan yang berlaku.',NULL,NULL),(6,'Risiko Reputasi','1','Risiko yang diakibatkan  menurunnya tingkat kepercayaan stakeholder yang bersumber dari persepsi negatif terhadap Perusahaan.',NULL,NULL);

/*Table structure for table `risk_causes` */

DROP TABLE IF EXISTS `risk_causes`;

CREATE TABLE `risk_causes` (
  `id` int(11) unsigned NOT NULL AUTO_INCREMENT,
  `id_risk_event` int(11) NOT NULL,
  `risk_cause` varchar(500) NOT NULL,
  `is_active` enum('0','1') NOT NULL,
  `created_at` datetime DEFAULT NULL,
  `updated_at` datetime DEFAULT NULL,
  PRIMARY KEY (`id`)
) ENGINE=InnoDB AUTO_INCREMENT=474 DEFAULT CHARSET=utf8;

/*Data for the table `risk_causes` */

insert  into `risk_causes`(`id`,`id_risk_event`,`risk_cause`,`is_active`,`created_at`,`updated_at`) values (148,1,'Lemahnya kontrol anggaran dan biaya','1',NULL,NULL),(149,1,'Lemahnya SOP (Standar Operasional Prosedur) anggaran                                                                                                ','1',NULL,NULL),(150,1,'Belum terintegrasinya sistem informasi keuangan yang memadai terkait dengan anggaran dan biaya','1',NULL,NULL),(151,1,'Kondisi armada yang sudah berusia lebih dari 3 tahun, sehingga berpengaruh pada konsumsi BBM','1',NULL,NULL),(152,1,'Pramudi dalam mengemudikan bus tidak sesuai dengan SOP, sehingga berpengaruh pada konsumsi BBM','1',NULL,NULL),(153,1,'Adanya kemacetan lalu lintas','1',NULL,NULL),(154,1,'Perawatan bus tidak sesuai dengan SOP  ','1',NULL,NULL),(155,1,'Penurunan rencana operasi bus secara mendadak sehingga menyebabkan kelebihan rasio pramudi','1',NULL,NULL),(156,1,'Pramudi  tidak bisa diputus kontrak secara mendadak, jika terdapat penurunan operasi bus','1',NULL,NULL),(157,1,'Terdapat komponen biaya tetap pada struktur gaji pramudi, yang tidak dapat disesuaikan jika terdapat penurunan pendapatan','1',NULL,NULL),(162,2,'Ketidaktercapaian target pendapatan usaha dan di luar usaha.                                                                                         ','1',NULL,NULL),(163,2,'Manajemen perencanaan kas kurang handal                                                                        ','1',NULL,NULL),(164,2,'Adanya inefisiensi biaya                     ','1',NULL,NULL),(165,2,'Penagihan piutang usaha tidak mencapai target','1',NULL,NULL),(334,17,'Ketidaktercapaian target penerimaan kas dari pendapatan usaha dan di luar usaha','1',NULL,NULL),(335,17,'Tingkat kesehatan keuangan perusahaan dalam kondisi tidak sehat  (tidak bankable) sehingga kesulitan dalam memperoleh pinjaman','1',NULL,NULL),(336,17,'Ketidakhandalan penetapan skala prioritas perencanaan kas untuk prorgam utama perusahaan                                                 ','1',NULL,NULL),(353,20,'Kurangnya pembinaan terhadap pramudi','1',NULL,NULL),(354,20,'Kurangnya pendidikan dan pelatihan untuk meningkatkan kompetensi pramudi','1',NULL,NULL),(367,22,'Adanya kewajiban perusahaan yang belum terlaksana seperti belum selesaunya pembebasan lahan, dan sebagainya','1',NULL,NULL),(368,22,'Adanya ketidakmapuan mitra melakukan pembayaran sesuai dengan target dikarenakan kondisi internal mitra','1',NULL,NULL),(369,23,'GAP regenerasi level manajerial milenial tinggi, ikarenakan pada masa lalu, tidak adanya penerimaan pegawai dalam waktu yang cukup lama','1',NULL,NULL),(370,24,'GAP regenerasi level manajerial perempuan tinggi, dikarenakan pada masa lalu, tidak adanya penerimaan pegawai dalam waktu yang cukup lama','1',NULL,NULL),(386,4,'Adanya kebijakan eksternal yang kurang tepat terkait pemberian hak garap lahan kepada masayarakat di masa lalu                                                                                            ','1',NULL,NULL),(387,4,'Kurang tertibnya administrasi pertanahan di masa lalu','1',NULL,NULL),(403,6,'Penaran mitra KSO tidak sesuai dengan target Perusahaan','1',NULL,NULL),(404,6,'Project bus listrik kurang menarik bagi mitra KSO berdasarkan hasil analisis kelayakan bisnis','1',NULL,NULL),(405,7,'Kelalaian dalam pemenuhan persyaratan administrasi','1',NULL,NULL),(406,7,'Penawaran harga terlalu tinggi/di atas pesaing','1',NULL,NULL),(407,7,'Tidak tercapainya kesepakatan dengan mitra/investor','1',NULL,NULL),(408,7,'Tidak memiliki/kurangnya sumber pendanaan untuk melakukan investasi','1',NULL,NULL),(409,7,'Project bus listrik tidak/kurang layak, sehingga tidak mencapai kesepakatan kerjasama saat negosiasi harga','1',NULL,NULL),(410,8,'Adanya kebijakan pemerintah yang mengatur maksimal load factor yang diperbolehkan pada angkutan umum','1',NULL,NULL),(411,8,'Adanya ketakutan masayarakt menggunakan angkutan umum pada masa Pandemi','1',NULL,NULL),(412,8,'Adanya kebijakan work from home, sehingga mengurangi mobilitas masyarakat','1',NULL,NULL),(413,8,'Adanya kebiijakan pembatasan jam operasional bus','1',NULL,NULL),(414,9,'Kelalaian dalam pemenuhan persyaratan administrasi','1',NULL,NULL),(415,9,'Penawaran harga terlalu tinggi/di atas pesaing','1',NULL,NULL),(416,9,'Tidak tercapainya kesepakatan dengan mitra/investor','1',NULL,NULL),(417,9,'Tidak memiliki/kurangnya sumber pendanaan untuk melakukan investasi','1',NULL,NULL),(418,9,'Project bus listrik tidak/kurang layak, sehingga tidak mencapai kesepakatan kerjasama saat negosiasi harga','1',NULL,NULL),(419,10,'Tingkat kesehatan keuangan perusahaan dalam kondisi tidak sehat  (tidak bankable)','1',NULL,NULL),(420,10,'Melakukan pinjaman jangka pendek kepada Pihak Ketiga dengan bunga tinggi','1',NULL,NULL),(421,11,'Pemeliharaan dan perbaikan bus tidak dilaksanakan seseuai dengan SOP                                                                               ','1',NULL,NULL),(422,12,'Pemeliharaan dan perbaikan bus tidak sesuai SOP ','1',NULL,NULL),(423,12,'Ketersediaan jumlah pramudi tidak sesuai dengan jumlah bus operasi ','1',NULL,NULL),(424,12,'Lemahnya koordinasi antara Unit Operasional dengan Unit Maintenance','1',NULL,NULL),(425,13,'Adanya keterlambatan dan/atau gagal bayar gaji pegawai                                                                  ','1',NULL,NULL),(426,13,'Lemahnya penyampaian informasi dan komunikasi antara Perusahaan dengan Pegawai','1',NULL,NULL),(427,13,'Adanya keterlembatan dan/atau gagal bayar Jaminan sosial ketenagakerjaan dan Jaminan sosial kesehatan','1',NULL,NULL),(428,13,'Realisasi program pembayaran pesangon karyawan tidak berjalan sesuai rencana','1',NULL,NULL),(429,13,'Pemberian fasilitas kerja yang kurang memadai','1',NULL,NULL),(430,13,'Realisasi pelaksanaan job profile (hak dan kewajiban pegawai) tidak sesuai dengan peraturan yang berlaku','1',NULL,NULL),(431,13,'Sistem Manajemen Kinerja dan Pola Karir Karyawan belum terlaksana','1',NULL,NULL),(432,14,'Lemahnya tingkat fokus pramudi dalam mengendarai bus','1',NULL,NULL),(433,14,'Adanya kelalaian faktor kendaraan lain yang menabrak bus','1',NULL,NULL),(434,14,'Adanya kelalaian faktor manusia','1',NULL,NULL),(435,15,'Ketidaktercapaian kesepakatan kerjasama dengan salah satu mitra transportasi online ','1',NULL,NULL),(436,15,'Adanya kendala teknis terkait dengan implementasi instegrasi sistem pembayaran                                   ','1',NULL,NULL),(437,18,'Lemahnya kontrol terhadap pramudi','1',NULL,NULL),(438,18,'Tingkat kesehatan pramudi dalam kondisi tidak baik, dikarenakan waktu istrahat pramudi kurang','1',NULL,NULL),(439,18,'Kurangnya pembinaan terhadap pramudi','1',NULL,NULL),(440,19,'Koordinasi bersama antara Perum PPD dengan Perum Damri tidak berjalan dengan lancar','1',NULL,NULL),(441,19,'Pemenuhan kebutuhan data yang dibutuhkan oleh Konsultan tidak sesuai target','1',NULL,NULL),(442,19,'Koordinasi - koordinasi dengan pihak eksternal tidak sesuai dengan timeline yang direncanakan','1',NULL,NULL),(443,19,'Adanya keterlambatan proses penyusunan kajian oleh konsultan eksternal','1',NULL,NULL),(444,19,'Adanya kebijakan eksternal yang mempengaruhi rencana penggabungan Perum PPD dan Perum Damri','1',NULL,NULL),(445,21,'Kelalaian dalam pemenuhan persyaratan administrasi','1',NULL,NULL),(446,21,'Penawaran harga terlalu tinggi/di atas pesaing','1',NULL,NULL),(447,21,'Tidak tercapainya kesepakatan dengan mitra/investor','1',NULL,NULL),(448,21,'Tidak memiliki/kurangnya sumber pendanaan untuk melakukan investasi','1',NULL,NULL),(449,21,'Projek bus listrik tidak/kurang layak, sehingga tidak mencapai kesepakatan kerjasama saat negosiasi harga','1',NULL,NULL),(450,3,'Target kilometer bus tidak tercapai','1',NULL,NULL),(451,3,'Target jumlah penumpang bus tidak tercapai','1',NULL,NULL),(452,3,'Tidak siapnya armada untuk dioperasikan','1',NULL,NULL),(453,3,'Adanya pengurangan renops bus ','1',NULL,NULL),(454,3,'Adanya peningkatan jumlah bus split ','1',NULL,NULL),(455,3,'Adanya keadaan kahar','1',NULL,NULL),(456,3,'Pemasaran tidak dilaksanakan secara berkelanjutan ','1',NULL,NULL),(457,3,'Strategi pemasaran kurang tepat ','1',NULL,NULL),(458,3,'Adanya kesalahan dalam penentuan rute, segmen bisnis, dan tarif ','1',NULL,NULL),(459,3,'Adanya kebocoran pendapatan ','1',NULL,NULL),(460,3,'Adanya ketidakakuratan dalam penentuan target pendapatan ','1',NULL,NULL),(461,3,'Adanya penurunan daya beli masyarakat di masa Pandemi ','1',NULL,NULL),(462,3,'Adanya persaingan dengan komptetitor yang lebih unggul ','1',NULL,NULL),(463,3,'Kurang bisa menjaga pelanggan loyal','1',NULL,NULL),(464,3,'Kualitas layanan tidak sesuai dengan SOP dan SPM','1',NULL,NULL),(468,5,'Sumber pendanaan internal tidak mencukupi sehingga membutuhkan pendanaan eksternal','1',NULL,NULL),(469,5,'Target reklasifikasi utang RDI menjadi PMN tidak tercapai','1',NULL,NULL),(470,5,'Target laba tidak tercapai','1',NULL,NULL),(471,16,'Ketidaktercapaian target penerimaan kas dari pendapatan usaha dan di luar usaha','1',NULL,NULL),(472,16,'Tingkat kesehatan keuangan perusahaan dalam kondisi tidak sehat  (tidak bankable) sehingga kesulitan dalam memperoleh pinjaman','1',NULL,NULL),(473,16,'Ketidakhandalan penetapan skala prioritas perencanaan kas untuk prorgam utama perusahaan                                                 ','1',NULL,NULL);

/*Table structure for table `risk_event_categories` */

DROP TABLE IF EXISTS `risk_event_categories`;

CREATE TABLE `risk_event_categories` (
  `id` int(11) unsigned NOT NULL AUTO_INCREMENT,
  `id_risk_event` int(11) NOT NULL,
  `id_risk_category` int(11) NOT NULL,
  `is_active` enum('0','1') NOT NULL,
  `created_at` datetime DEFAULT NULL,
  `updated_at` datetime DEFAULT NULL,
  PRIMARY KEY (`id`)
) ENGINE=InnoDB AUTO_INCREMENT=145 DEFAULT CHARSET=utf8;

/*Data for the table `risk_event_categories` */

insert  into `risk_event_categories`(`id`,`id_risk_event`,`id_risk_category`,`is_active`,`created_at`,`updated_at`) values (68,1,1,'1',NULL,NULL),(70,2,1,'1',NULL,NULL),(106,17,1,'1',NULL,NULL),(111,20,2,'1',NULL,NULL),(115,22,1,'1',NULL,NULL),(116,23,2,'1',NULL,NULL),(117,24,2,'1',NULL,NULL),(121,4,5,'1',NULL,NULL),(125,6,3,'1',NULL,NULL),(126,7,3,'1',NULL,NULL),(127,8,4,'1',NULL,NULL),(128,9,3,'1',NULL,NULL),(129,10,1,'1',NULL,NULL),(130,11,2,'1',NULL,NULL),(131,12,2,'1',NULL,NULL),(132,13,2,'1',NULL,NULL),(133,14,2,'1',NULL,NULL),(134,14,6,'1',NULL,NULL),(135,15,3,'1',NULL,NULL),(136,18,2,'1',NULL,NULL),(137,19,3,'1',NULL,NULL),(138,21,3,'1',NULL,NULL),(139,3,2,'1',NULL,NULL),(140,3,4,'1',NULL,NULL),(141,3,3,'1',NULL,NULL),(143,5,1,'1',NULL,NULL),(144,16,1,'1',NULL,NULL);

/*Table structure for table `risk_events` */

DROP TABLE IF EXISTS `risk_events`;

CREATE TABLE `risk_events` (
  `id` int(11) unsigned NOT NULL AUTO_INCREMENT,
  `id_kpi` int(11) NOT NULL,
  `risk_number` int(4) NOT NULL,
  `risk_number_residual` int(4) NOT NULL,
  `risk_number_target` int(4) NOT NULL,
  `risk_number_manual` int(4) NOT NULL,
  `risk_event` varchar(500) NOT NULL,
  `year` varchar(4) NOT NULL,
  `objective` varchar(500) NOT NULL,
  `existing_control_1` enum('Ada','Tidak Ada') NOT NULL,
  `existing_control_2` enum('Memadai','Belum Memadai') NOT NULL,
  `existing_control_3` enum('Dijalankan 100%','Belum Dijalankan 100%') NOT NULL,
  `probability_level` enum('1','2','3','4','5') NOT NULL,
  `target_probability_level` enum('1','2','3','4','5') NOT NULL,
  `impact_level` enum('1','2','3','4','5') NOT NULL,
  `target_impact_level` enum('1','2','3','4','5') NOT NULL,
  `final_level` int(10) NOT NULL,
  `target_final_level` int(10) NOT NULL,
  `risk_analysis` enum('R','M','T','E') DEFAULT NULL,
  `target_risk_analysis` enum('R','M','T','E') DEFAULT NULL,
  `probability_level_residual` enum('1','2','3','4','5') NOT NULL,
  `impact_level_residual` enum('1','2','3','4','5') NOT NULL,
  `final_level_residual` int(10) NOT NULL,
  `risk_analysis_residual` enum('R','M','T','E') DEFAULT NULL,
  `risk_impact_quantitative` longtext NOT NULL,
  `description` varchar(500) NOT NULL,
  `is_active` enum('0','1') NOT NULL,
  `created_at` datetime DEFAULT NULL,
  `updated_at` datetime DEFAULT NULL,
  PRIMARY KEY (`id`)
) ENGINE=InnoDB AUTO_INCREMENT=25 DEFAULT CHARSET=utf8;

/*Data for the table `risk_events` */

insert  into `risk_events`(`id`,`id_kpi`,`risk_number`,`risk_number_residual`,`risk_number_target`,`risk_number_manual`,`risk_event`,`year`,`objective`,`existing_control_1`,`existing_control_2`,`existing_control_3`,`probability_level`,`target_probability_level`,`impact_level`,`target_impact_level`,`final_level`,`target_final_level`,`risk_analysis`,`target_risk_analysis`,`probability_level_residual`,`impact_level_residual`,`final_level_residual`,`risk_analysis_residual`,`risk_impact_quantitative`,`description`,`is_active`,`created_at`,`updated_at`) values (1,16,1,0,1,1,'Adanya inefisiensi biaya','2022','Ekspansi yang Profitable, Menciptakan Economic Value ROIC > WACC, Menjaga kondisi keuangan BUMN agar tetap survive','Ada','Belum Memadai','Belum Dijalankan 100%','5','3','4','3',20,9,'E','M','1','1',0,NULL,'','','0',NULL,NULL),(2,17,2,0,2,2,'Sumber pendanaan internal tidak mencukupi sehingga membutuhkan pendanaan eksternal','2022','Menjaga kondisi keuangan BUMN agar tetap survive','Ada','Belum Memadai','Belum Dijalankan 100%','5','3','4','3',20,9,'E','M','1','1',0,NULL,'','','0',NULL,NULL),(3,16,3,0,3,3,'Target pendapatan tidak tercapai','2022','Ekspansi yang Profitable, Menciptakan Economic Value ROIC > WACC, Menjaga kondisi keuangan BUMN agar tetap survive','Ada','Belum Memadai','Belum Dijalankan 100%','4','3','5','3',20,9,'E','M','1','1',0,NULL,'','','0',NULL,NULL),(4,19,4,0,9,4,'Kegagalan proses clean and clear lahan Ciracas','2022','Program Optimalisasi Asset','Ada','Belum Memadai','Belum Dijalankan 100%','4','2','5','3',20,6,'E','M','1','1',0,NULL,'','','0',NULL,NULL),(5,4,5,0,10,5,'Struktur permodalan tidak sehat','2022','Menjaga kondisi keuangan BUMN agar tetap survive','Ada','Belum Memadai','','3','3','5','2',15,6,'T','M','1','1',0,NULL,'','','0',NULL,NULL),(6,20,6,0,11,6,'Tidak terealisasinya kerjasama dengan mitra KSO','2022','Utilitas public transport yang berwawasan lingkungan, Investasi untuk mendukung Operational Excellence ','Ada','Belum Memadai','Belum Dijalankan 100%','3','2','5','3',15,6,'T','M','1','1',0,NULL,'','','0',NULL,NULL),(7,20,7,0,12,7,'Tidak menang lelang bus listrik','2022','Utilitas public transport yang berwawasan lingkungan, Investasi untuk mendukung Operational Excellence ','Ada','Belum Memadai','Belum Dijalankan 100%','3','2','5','3',15,6,'T','M','1','1',0,NULL,'','','0',NULL,NULL),(8,7,8,0,4,8,'Penurunan kilometer bus segmen berbasis PSO akibat adanya kondisi kahar (pandemi, demo, dan sebagainya)','2022','Pelaksanaan Penugasan Pemerintah','Ada','Belum Memadai','Belum Dijalankan 100%','3','3','5','3',15,9,'T','M','1','1',0,NULL,'','','0',NULL,NULL),(9,7,9,0,5,9,'Tidak menang lelang layanan berbasis PSO','2022','Pelaksanaan Penugasan Pemerintah','Ada','Belum Memadai','Belum Dijalankan 100%','3','3','5','3',15,9,'T','M','1','1',0,NULL,'','','0',NULL,NULL),(10,1,10,0,6,10,'Beban pembiayaan tidak sesuai dengan target (cost of fund)','2022','Menciptakan Economic Value ROIC > WACC','Ada','Belum Memadai','Belum Dijalankan 100%','4','3','3','3',12,9,'T','M','1','1',0,NULL,'','','0',NULL,NULL),(11,7,11,0,7,11,'Kendaraan rusak dan tidak laik jalan','2022','Pelaksanaan Penugasan Pemerintah','Ada','Belum Memadai','Belum Dijalankan 100%','3','3','4','3',12,9,'T','M','1','1',0,NULL,'','','0',NULL,NULL),(12,9,12,0,8,12,'Tidak terdapat bus untuk dioperasikan','2022','Mengoperasikan rute baru, PLB, dan Hub antar moda di dekat Kawasan Industri, Pelabuhan, dan Area Bisnis lainnya','Ada','Belum Memadai','Belum Dijalankan 100%','3','3','4','3',12,9,'T','M','1','1',0,NULL,'','','0',NULL,NULL),(13,21,13,0,13,13,'Rendahnya kesejahteraan karyawan','2022','Menciptakan SDM yang Unggul dan Profesional','Ada','Belum Memadai','Belum Dijalankan 100%','4','3','3','2',12,6,'T','M','1','1',0,NULL,'','','0',NULL,NULL),(14,5,14,0,14,14,'Kecelakaan yang diakibatkan adanya kesalahan dari kendaraan lain, dan faktor eskternal lainnya','2022','Peningkatan kualitas layanan angkutan','Ada','Belum Memadai','Belum Dijalankan 100%','3','2','3','3',9,6,'M','M','1','1',0,NULL,'','','0',NULL,NULL),(15,10,15,0,15,15,'Tidak terealisasinya kerjasama sistem pembayaran dengan platform transportasi online','2022','Integrasi solusi ticketing transportasi','Ada','Belum Memadai','Belum Dijalankan 100%','3','3','3','2',9,6,'M','M','1','1',0,NULL,'','','0',NULL,NULL),(16,18,16,0,17,16,'Tidak terpenuhinya pendanaan untuk pengembangan ERP','2022','Integrasi shared service termasuk HR, IT, procurement, finance dan accounting','Ada','Belum Memadai','Belum Dijalankan 100%','3','2','3','2',9,4,'M','R','1','1',0,NULL,'','','0',NULL,NULL),(17,11,17,0,18,17,'Tidak terpenuhinya pendanaan untuk pengembangan FMS','2022','Pembangunan Digital Transport Operastion Capability Center untuk peningkatan reability dan efisiensi','Ada','Belum Memadai','Belum Dijalankan 100%','3','2','3','2',9,4,'M','R','1','1',0,NULL,'','','0',NULL,NULL),(18,5,18,0,16,18,'Kondisi pramudi tidak prima','2022','Peningkatan Kualitas Layanan Angkutan','Ada','Belum Memadai','Belum Dijalankan 100%','3','2','3','3',9,6,'M','M','1','1',0,NULL,'','','0',NULL,NULL),(19,8,19,0,22,19,'Realisasi Integrasi BUMN Transportasi Jalan (PPD dan DAMRI) tidak sesuai dengan target','2022','Integrasi BUMN Transport','Ada','Belum Memadai','Belum Dijalankan 100%','2','1','3','2',6,2,'M','R','1','1',0,NULL,'','','0',NULL,NULL),(20,5,20,0,19,20,'Rendahnya kompetensi pramudi','2022','Peningkatan Kualitas Layanan Angkutan','Ada','Belum Memadai','Belum Dijalankan 100%','2','2','3','2',6,4,'M','R','1','1',0,NULL,'','','0',NULL,NULL),(21,9,21,0,20,21,'Tidak menang lelang layanan bus antar jemput karyawan','2022','Mengoperasikan rute baru, PLB, dan Hub antar moda di dekat Kawasan Industri, Pelabuhan, dan Area Bisnis lainnya','Ada','Belum Memadai','Belum Dijalankan 100%','3','2','2','2',6,4,'M','R','1','1',0,NULL,'','','0',NULL,NULL),(22,13,22,0,21,22,'Adanya ketidaksesuaian realisasi pembayaran kompensasi kerjasama','2022','Program Optimalisasi Asset','Ada','Belum Memadai','Belum Dijalankan 100%','2','2','3','2',6,4,'M','R','1','1',0,NULL,'','','0',NULL,NULL),(23,15,23,0,23,23,'Kualifikasi SDM Milenial tidak/belum sesuai kriteria','2022','Menciptakan SDM yang Unggul dan Profesional','Ada','Belum Memadai','Belum Dijalankan 100%','2','1','2','2',4,2,'R','R','1','1',0,NULL,'','','0',NULL,NULL),(24,14,24,0,24,24,'Kualifikasi SDM Perempuan tidak/belum sesuai kriteria','2022','Menciptakan SDM yang Unggul dan Profesional','Ada','Belum Memadai','Belum Dijalankan 100%','2','1','2','2',4,2,'R','R','1','1',0,NULL,'','','0',NULL,NULL);

/*Table structure for table `risk_mitigation_detail_evidences` */

DROP TABLE IF EXISTS `risk_mitigation_detail_evidences`;

CREATE TABLE `risk_mitigation_detail_evidences` (
  `id` int(11) unsigned NOT NULL AUTO_INCREMENT,
  `id_detail_monitoring` int(11) NOT NULL,
  `filename` varchar(255) NOT NULL,
  `pathname` varchar(255) NOT NULL,
  `created_at` datetime DEFAULT NULL,
  `updated_at` datetime DEFAULT NULL,
  PRIMARY KEY (`id`)
) ENGINE=InnoDB DEFAULT CHARSET=utf8;

/*Data for the table `risk_mitigation_detail_evidences` */

/*Table structure for table `risk_mitigation_detail_monitorings` */

DROP TABLE IF EXISTS `risk_mitigation_detail_monitorings`;

CREATE TABLE `risk_mitigation_detail_monitorings` (
  `id` int(11) unsigned NOT NULL AUTO_INCREMENT,
  `id_detail_mitigation` int(11) NOT NULL,
  `target_month` date NOT NULL,
  `monitoring_month` date NOT NULL,
  `notes` varchar(255) NOT NULL,
  `created_at` datetime DEFAULT NULL,
  `updated_at` datetime DEFAULT NULL,
  PRIMARY KEY (`id`)
) ENGINE=InnoDB DEFAULT CHARSET=utf8;

/*Data for the table `risk_mitigation_detail_monitorings` */

/*Table structure for table `risk_mitigation_detail_outputs` */

DROP TABLE IF EXISTS `risk_mitigation_detail_outputs`;

CREATE TABLE `risk_mitigation_detail_outputs` (
  `id` int(11) unsigned NOT NULL AUTO_INCREMENT,
  `id_detail_mitigation` int(11) NOT NULL,
  `output` varchar(500) NOT NULL,
  `created_at` datetime DEFAULT NULL,
  `updated_at` datetime DEFAULT NULL,
  PRIMARY KEY (`id`)
) ENGINE=InnoDB DEFAULT CHARSET=utf8;

/*Data for the table `risk_mitigation_detail_outputs` */

/*Table structure for table `risk_mitigation_details` */

DROP TABLE IF EXISTS `risk_mitigation_details`;

CREATE TABLE `risk_mitigation_details` (
  `id` int(11) unsigned NOT NULL AUTO_INCREMENT,
  `id_risk_mitigation` int(11) NOT NULL,
  `progress_percentage` decimal(11,2) NOT NULL,
  `risk_mitigation_detail` varchar(500) NOT NULL,
  `id_division` int(4) NOT NULL,
  `is_active` enum('0','1') NOT NULL,
  `created_at` datetime DEFAULT NULL,
  `updated_at` datetime DEFAULT NULL,
  PRIMARY KEY (`id`)
) ENGINE=InnoDB AUTO_INCREMENT=479 DEFAULT CHARSET=utf8;

/*Data for the table `risk_mitigation_details` */

insert  into `risk_mitigation_details`(`id`,`id_risk_mitigation`,`progress_percentage`,`risk_mitigation_detail`,`id_division`,`is_active`,`created_at`,`updated_at`) values (1,104,'0.00','Pemutakhiran SOP dan Pedoman Peningkatan Kompetensi Pegawai',5,'0',NULL,NULL),(2,104,'0.00','Melakukan analisa GAP Kompetensi Pegawai',5,'0',NULL,NULL),(3,104,'0.00','Menyusun matriks jadwal diklat dengan jadwal program pengembangan kompetensi karyawan',5,'0',NULL,NULL),(4,104,'0.00','Melaksanakan workshop, diklat, sertifikasi internal dan eksternal',5,'0',NULL,NULL),(5,104,'0.00','Melaksanakan evausasi kegiatan',5,'0',NULL,NULL),(6,105,'0.00','Menyusun Program Project Asigment Pada karyawan Perempuan',5,'0',NULL,NULL),(7,105,'0.00',' Pelaksanaan Program Project Asigment Pada karyawan Perempuan',5,'0',NULL,NULL),(8,105,'0.00','Evaluasi Program Project Asigment Pada karyawan Perempuan',5,'0',NULL,NULL),(9,106,'0.00','Pemutakhiran SOP dan Pedoman Penerimaan Pegawai',5,'0',NULL,NULL),(10,106,'0.00','Melakukan analisa GAP Kompetensi Pegawai',5,'0',NULL,NULL),(11,106,'0.00','Melaksanakan workshop, diklat, sertifikasi internal dan eksternal',5,'0',NULL,NULL),(12,101,'0.00','Pemutakhiran SOP dan Pedoman Peningkatan Kompetensi Pegawai',5,'0',NULL,NULL),(13,101,'0.00','Melakukan analisa GAP Kompetensi Pegawai',5,'0',NULL,NULL),(14,101,'0.00','Menyusun matriks jadwal diklat dengan jadwal program pengembangan kompetensi karyawan',5,'0',NULL,NULL),(15,101,'0.00','Melaksanakan workshop, diklat, sertifikasi internal dan eksternal',5,'0',NULL,NULL),(16,101,'0.00','Melaksanakan evaluasi kegiatan',5,'0',NULL,NULL),(17,102,'0.00','Menyusun Program Project Asigment Pada karyawan Milenial',5,'0',NULL,NULL),(18,102,'0.00','Pelaksanaan Program Project Asigment Pada karyawan Milenial',5,'0',NULL,NULL),(19,102,'0.00','Evaluasi Program Project Asigment Pada karyawan Milenial',5,'0',NULL,NULL),(20,103,'0.00','Pemutakhiran SOP dan Pedoman Penerimaan Pegawai',5,'0',NULL,NULL),(21,103,'0.00','Mempersiapkan rencana proses rekrutmen untuk regenerasi karyawan milenial',5,'0',NULL,NULL),(22,103,'0.00','Memastikan ketersediaan kandidat milenial yang potensial dalam pekerjaan yang spesifik',5,'0',NULL,NULL),(23,98,'0.00','Memprioritaskan proses clean and clear lahan yang dikerjasamakan',12,'0',NULL,NULL),(24,99,'0.00','Melakukan koordinasi dengan pihak ACP terkait pembayaran kompensasi kerjasama BOT',12,'0',NULL,NULL),(25,100,'0.00','Melakukan upaya hukum atas ketdikasesuaian kontrak terkait skema pembayaran kompensasi kerjasama BOT',12,'0',NULL,NULL),(26,94,'0.00','Memastikan kelengkapan administrasi lelang dan melaksanakan upload lelang lebih awal, sehingga memiliki banyak waktu jika terdapat kekurangan dokumen',4,'0',NULL,NULL),(27,94,'0.00','Memastikan kelengkapan administrasi lelang dan melaksanakan upload lelang lebih awal, sehingga memiliki banyak waktu jika terdapat kekuarngan dokumen',2,'0',NULL,NULL),(28,94,'0.00','Memastikan kelengkapan administrasi lelang dan melaksanakan upload lelang lebih awal, sehingga memiliki banyak waktu jika terdapat kekuarngan dokumen',5,'0',NULL,NULL),(29,95,'0.00','Memastikan penawaran harga tidak terlalu tinggi namun masih dalam batasan ketegori layaka sesuai perhitungan kelayakan bisnis',2,'0',NULL,NULL),(30,96,'0.00','Melakukan penyusunan kajian kelayakan investasi',2,'0',NULL,NULL),(31,1,'0.00','Melaksanakan kontrol anggaran di masing - masing Divisi',1,'0',NULL,NULL),(32,1,'0.00','Mengimplementasikan penerapan ERP sebagai alat kontrol anggaran',3,'0',NULL,NULL),(33,1,'0.00','Melaksanakan kontrol anggaran di masing - masing Divisi',3,'0',NULL,NULL),(34,1,'0.00','Melaksanakan kontrol anggaran di masing - masing Divisi',2,'0',NULL,NULL),(35,1,'0.00','Melaksanakan kontrol anggaran di masing - masing Divisi',4,'0',NULL,NULL),(36,1,'0.00','Melaksanakan kontrol anggaran di masing - masing Divisi',5,'0',NULL,NULL),(37,1,'0.00','Melaksanakan kontrol anggaran di masing - masing Divisi',6,'0',NULL,NULL),(38,1,'0.00','Melaksanakan kontrol anggaran di masing - masing Divisi',7,'0',NULL,NULL),(39,1,'0.00','Melaksanakan kontrol anggaran di masing - masing Divisi',8,'0',NULL,NULL),(40,1,'0.00','Melaksanakan kontrol anggaran di masing - masing Divisi',9,'0',NULL,NULL),(41,1,'0.00','Melaksanakan kontrol anggaran di masing - masing Divisi',11,'0',NULL,NULL),(42,1,'0.00','Melaksanakan kontrol anggaran di masing - masing Divisi',12,'0',NULL,NULL),(43,1,'0.00','Melaksanakan kontrol anggaran di masing - masing Divisi',13,'0',NULL,NULL),(44,1,'0.00','Melaksanakan kontrol anggaran di masing - masing Divisi',15,'0',NULL,NULL),(45,1,'0.00','Melaksanakan kontrol anggaran di masing - masing Divisi',14,'0',NULL,NULL),(46,2,'0.00','Melakukan penyesuaian dan penyempurnaan SOP anggaran ',3,'0',NULL,NULL),(47,3,'0.00','Melakukan penyesuaian dan penyempurnaan SOP bidang Satuan Pengawasan Internal ',6,'0',NULL,NULL),(48,3,'0.00','Melakukan optimalisasi pengawasan efektifitas dan efisiensi kinerja perusahaan dengan pelaksanaan audit kinerja sesuai dengan Pedoman yang berlaku',6,'0',NULL,NULL),(49,4,'0.00','Melakukan penyesuaian dan penyempurnaan SOP bidang Evaluasi Kinerja ',2,'0',NULL,NULL),(50,4,'0.00','Melakukan optimalisasi evaluasi kinerja perusahaan ',2,'0',NULL,NULL),(51,5,'0.00','Melakukan penyesuaian dan penyempurnaan SOP bidang Teknik',13,'0',NULL,NULL),(52,5,'0.00','Pelaksanaan pemeliharaan bus terjadwal',13,'0',NULL,NULL),(53,5,'0.00','Pelaksanaan perbaikan bus dilaksanakan secara optimal',13,'0',NULL,NULL),(54,5,'0.00','Ketersediaan barang/suku cadang di gudang dipastikan selalu tersedia (rasio inventory turnover sesuai)',13,'0',NULL,NULL),(55,5,'0.00','Ketersediaan modal kerja minimal untuk pelaksanaan pemeliharaan dan perbaikan bus',13,'0',NULL,NULL),(56,5,'0.00','Melakukan penyesuaian dan penyempurnaan SOP bidang Teknik',7,'0',NULL,NULL),(57,5,'0.00','Pelaksanaan pemeliharaan bus terjadwal',7,'0',NULL,NULL),(58,5,'0.00','Pelaksanaan perbaikan bus dilaksanakan secara optimal',7,'0',NULL,NULL),(59,5,'0.00','Ketersediaan barang/suku cadang di gudang dipastikan selalu tersedia (rasio inventory turnover sesuai)',7,'0',NULL,NULL),(60,5,'0.00','Ketersediaan modal kerja minimal untuk pelaksanaan pemeliharaan dan perbaikan bus',7,'0',NULL,NULL),(61,5,'0.00','Ketersediaan modal kerja minimal untuk pelaksanaan pemeliharaan dan perbaikan bus',3,'0',NULL,NULL),(62,6,'0.00','Memberikan arahan dan sosialisasi kepada pramudi sebelum dan setelah mengoperasikan bus',5,'0',NULL,NULL),(63,6,'0.00','Memberikan arahan dan sosialisasi kepada pramudi sebelum dan setelah mengoperasikan bus',7,'0',NULL,NULL),(64,6,'0.00','Memberikan arahan dan sosialisasi kepada pramudi sebelum dan setelah mengoperasikan bus',8,'0',NULL,NULL),(65,6,'0.00','Memberikan arahan dan sosialisasi kepada pramudi sebelum dan setelah mengoperasikan bus',9,'0',NULL,NULL),(66,6,'0.00','Memberikan arahan dan sosialisasi kepada pramudi sebelum dan setelah mengoperasikan bus',11,'0',NULL,NULL),(67,6,'0.00','Memberikan arahan dan sosialisasi kepada pramudi sebelum dan setelah mengoperasikan bus',15,'0',NULL,NULL),(68,6,'0.00','Memberikan arahan dan sosialisasi kepada pramudi sebelum dan setelah mengoperasikan bus',14,'0',NULL,NULL),(69,7,'0.00','Penyusunan KAK Pelaksanaan Kegiatan Diklat/Sertifikasi',5,'0',NULL,NULL),(70,7,'0.00','Pemilihan Lembaga Sertifikasi Profesi  (LSP)',5,'0',NULL,NULL),(71,7,'0.00','Pelaksanaan diklat/sertfikasi pramudi sesuai dengan jadwal',5,'0',NULL,NULL),(72,7,'0.00','Pelaksanaan evaluasi kegiatan diklat/sertifikasi',5,'0',NULL,NULL),(73,8,'0.00','Penyusunan Kajian perubahan TKO Berbasis jumlah penumpang/tiket yang terjual',5,'0',NULL,NULL),(74,8,'0.00','Penyesuaian dan Pengesahan Kebijakan perubahan TKO Pramudi',5,'0',NULL,NULL),(75,8,'0.00','Sosialisasi Kebijakan Perubahan TKO Pramudi',5,'0',NULL,NULL),(76,8,'0.00','Penerapan sistem pengupahan baru',5,'0',NULL,NULL),(77,8,'0.00','Melakukan evaluasi Pelaksanaan sistem pengupahan baru',5,'0',NULL,NULL),(78,9,'0.00','Penyusunan Kajian Program OJT',5,'0',NULL,NULL),(79,9,'0.00','Penyusunan dan Pengesahan pedoman dan SOP program OJT Pramudi',5,'0',NULL,NULL),(80,9,'0.00','Penerapan program OJT Pramudi',5,'0',NULL,NULL),(81,9,'0.00','Melakukan Evaluasi Penerapan program OJT Pramudi',5,'0',NULL,NULL),(82,10,'0.00','Penyusunan Kajian Program OJT',5,'0',NULL,NULL),(83,10,'0.00','Penyusunan dan Pengesahan pedoman dan SOP program OJT Pramudi',5,'0',NULL,NULL),(84,10,'0.00','Penerapan program OJT Pramudi',5,'0',NULL,NULL),(85,10,'0.00','Melakukan Evaluasi Penerapan program OJT Pramudi',5,'0',NULL,NULL),(86,11,'0.00','Menjaga target rasio tingkat kesehatan keuangan Perusahaan  sebagai syarat pinjaman kepada Bank',3,'0',NULL,NULL),(87,11,'0.00','Bersurat kepada Bank atau Lembaga Keuangan perihal permohonan pinjaman jangka panjang',3,'0',NULL,NULL),(88,11,'0.00','Menyampaikan dokumen - dokumen perusahaan yang dibutuhkan (laporan keuangan audited terakhir, legalitas perusahaan, KTP Direksi dan Dewas, NPWP Perusahaan, dan lain - lain)',3,'0',NULL,NULL),(89,11,'0.00','Melaksanaan apprisal sebagai jaminan',3,'0',NULL,NULL),(90,11,'0.00','Bank melakukan analisa keuangan dan pengecakan BI checking',3,'0',NULL,NULL),(91,11,'0.00','OL Bank',3,'0',NULL,NULL),(92,11,'0.00','Tanda tangan perjanjian',3,'0',NULL,NULL),(93,12,'0.00','a. Kerjasama iklan di bus',4,'0',NULL,NULL),(94,12,'0.00','b. Melakukan penagihan pembayaran Rupiah/Km berdasarkan kurang bayar akibat selisih rasio pramudi  - Melakukan koordinasi dengan bersurat kepada PT. Transportasi Jakarta perihal kurang bayar akibat selisih rasio pramudi',3,'0',NULL,NULL),(95,12,'0.00','b. Melakukan penagihan pembayaran Rupiah/Km berdasarkan kurang bayar akibat selisih rasio pramudi  - Melakukan koordinasi lanjutan terkait realisasi pencairan kurang bayar akibat selisih rasio pramudi',3,'0',NULL,NULL),(96,12,'0.00','b. Melakukan penagihan pembayaran Rupiah/Km berdasarkan kurang bayar akibat selisih rasio pramudi  - Realisasi pencairan kurang bayar akibat selisih rasio pramudi',3,'0',NULL,NULL),(97,12,'0.00','b. Melakukan penagihan pembayaran Rupiah/Km berdasarkan kurang bayar akibat selisih rasio pramudi  - Melakukan koordinasi dengan bersurat kepada PT. Transportasi Jakarta perihal kurang bayar akibat selisih rasio pramudi',9,'0',NULL,NULL),(98,12,'0.00','b. Melakukan penagihan pembayaran Rupiah/Km berdasarkan kurang bayar akibat selisih rasio pramudi  - Melakukan koordinasi lanjutan terkait realisasi pencairan kurang bayar akibat selisih rasio pramudi',9,'0',NULL,NULL),(99,12,'0.00','b. Melakukan penagihan pembayaran Rupiah/Km berdasarkan kurang bayar akibat selisih rasio pramudi  - Realisasi pencairan kurang bayar akibat selisih rasio pramudi',9,'0',NULL,NULL),(100,12,'0.00','c. Melakukan penagihan pembayaran Rupiah/Km berdasarkan kenaikan UMP - Melakukan koordinasi dengan bersurat kepada PT. Transportasi Jakarta perihal kenaikan UMP',3,'0',NULL,NULL),(101,12,'0.00','c. Melakukan penagihan pembayaran Rupiah/Km berdasarkan kenaikan UMP -  Realisasi pencairan kenaikan UMP',3,'0',NULL,NULL),(102,12,'0.00','c. Melakukan penagihan pembayaran Rupiah/Km berdasarkan kenaikan UMP - Melakukan koordinasi dengan bersurat kepada PT. Transportasi Jakarta perihal kenaikan UMP',9,'0',NULL,NULL),(103,12,'0.00','c. Melakukan penagihan pembayaran Rupiah/Km berdasarkan kenaikan UMP - Realisasi pencairan kenaikan UMP',9,'0',NULL,NULL),(104,13,'0.00','Melakukan koordinasi dengan bersurat kepada PT. ACP terkait pembayaran kompensasi kerjasama',12,'0',NULL,NULL),(105,13,'0.00','Pembayaran kompensasi kerjasama',12,'0',NULL,NULL),(106,14,'0.00','Melakukan rekonsiliasi piutang usaha',3,'0',NULL,NULL),(107,14,'0.00','Melakukan koordinasi dengan mitra terkait pembayaran piutang usaha',3,'0',NULL,NULL),(108,14,'0.00','Jika terdapat ketidaksepakatan, dilakukan somasi dan/atau langkah hukum',3,'0',NULL,NULL),(109,14,'0.00','Pembayaran piutang usaha',3,'0',NULL,NULL),(110,15,'0.00','Mengimplementasikan penerapan ERP sebagai alat kontrol anggaran',3,'0',NULL,NULL),(111,15,'0.00','Melaksanakan kontrol anggaran di masing - masing Divisi',3,'0',NULL,NULL),(112,15,'0.00','Melaksanakan kontrol anggaran di masing - masing Divisi',1,'0',NULL,NULL),(113,15,'0.00','Melaksanakan kontrol anggaran di masing - masing Divisi',2,'0',NULL,NULL),(114,15,'0.00','Melaksanakan kontrol anggaran di masing - masing Divisi',4,'0',NULL,NULL),(115,15,'0.00','Melaksanakan kontrol anggaran di masing - masing Divisi',5,'0',NULL,NULL),(116,15,'0.00','Melaksanakan kontrol anggaran di masing - masing Divisi',6,'0',NULL,NULL),(117,15,'0.00','Melaksanakan kontrol anggaran di masing - masing Divisi',7,'0',NULL,NULL),(118,15,'0.00','Melaksanakan kontrol anggaran di masing - masing Divisi',8,'0',NULL,NULL),(119,92,'0.00','Menyusun Program Workshop tentang lalu lintas, armada, peraturan-peraturan kepada pramudi',5,'0',NULL,NULL),(120,92,'0.00','Melaksanakan kegiatan Program Workshop tentang lalu lintas, armada, peraturan-peraturan kepada pramudi',5,'0',NULL,NULL),(121,15,'0.00','Melaksanakan kontrol anggaran di masing - masing Divisi',9,'0',NULL,NULL),(122,92,'0.00','Evaluasi kegiatan Workshop',5,'0',NULL,NULL),(123,15,'0.00','Melaksanakan kontrol anggaran di masing - masing Divisi',11,'0',NULL,NULL),(124,93,'0.00','Penyusunan KAK Pelaksanaan Kegiatan Diklat/Sertifikasi',5,'0',NULL,NULL),(125,93,'0.00','Pemilihan Lembaga Sertifikasi Profesi  (LSP)',5,'0',NULL,NULL),(126,93,'0.00','Melaksanakan diklat/sertfikasi pramudi sesuai dengan jadwal',5,'0',NULL,NULL),(127,93,'0.00','Melakukan evaluasi kegiatan diklat/sertifikasi',5,'0',NULL,NULL),(128,15,'0.00','Melaksanakan kontrol anggaran di masing - masing Divisi',12,'0',NULL,NULL),(129,15,'0.00','Melaksanakan kontrol anggaran di masing - masing Divisi',13,'0',NULL,NULL),(130,89,'0.00','Melakukan penyusunan tim bersama antara Perum PPD dan Perum Damri',5,'0',NULL,NULL),(131,90,'0.00','Memastikan penyampaian data - data yang dibutuhkan oleh Konsultan Bersama, sesuai dengan target',5,'0',NULL,NULL),(132,15,'0.00','Melaksanakan kontrol anggaran di masing - masing Divisi',15,'0',NULL,NULL),(133,91,'0.00','Memastikan pelaksanaan kegiatan penyusunan kajian sesuai dengan timeline yang direncanakan ',5,'0',NULL,NULL),(134,15,'0.00','Melaksanakan kontrol anggaran di masing - masing Divisi',14,'0',NULL,NULL),(135,89,'0.00','Melakukan penyusunan tim bersama antara Perum PPD dan Perum Damri',12,'0',NULL,NULL),(136,90,'0.00','Memastikan penyampaian data - data yang dibutuhkan oleh Konsultan Bersama, sesuai dengan target',12,'0',NULL,NULL),(137,91,'0.00','Memastikan pelaksanaan kegiatan penyusunan kajian sesuai dengan timeline yang direncanakan ',12,'0',NULL,NULL),(138,89,'0.00','Melakukan penyusunan tim bersama antara Perum PPD dan Perum Damri',2,'0',NULL,NULL),(139,90,'0.00','Memastikan penyampaian data - data yang dibutuhkan oleh Konsultan Bersama, sesuai dengan target',2,'0',NULL,NULL),(140,91,'0.00','Memastikan pelaksanaan kegiatan penyusunan kajian sesuai dengan timeline yang direncanakan ',2,'0',NULL,NULL),(141,89,'0.00','Melakukan penyusunan tim bersama antara Perum PPD dan Perum Damri',3,'0',NULL,NULL),(143,91,'0.00','Memastikan pelaksanaan kegiatan penyusunan kajian sesuai dengan timeline yang direncanakan ',3,'0',NULL,NULL),(144,90,'0.00','Memastikan penyampaian data - data yang dibutuhkan oleh Konsultan Bersama, sesuai dengan target',3,'0',NULL,NULL),(145,16,'0.00','Berkoordinasi dengan PT. Transportasi Jakarta dalam rangka upaya memaksimalkan jumlah bus SO, kilometer, penurunan split bus, dan pengurangan dengan km',7,'0',NULL,NULL),(146,89,'0.00','Melakukan penyusunan tim bersama antara Perum PPD dan Perum Damri',4,'0',NULL,NULL),(147,16,'0.00','Berkoordinasi dengan PT. Transportasi Jakarta dalam rangka upaya memaksimalkan jumlah bus SO, kilometer, penurunan split bus, dan pengurangan dengan km',9,'0',NULL,NULL),(148,90,'0.00','Memastikan penyampaian data - data yang dibutuhkan oleh Konsultan Bersama, sesuai dengan target',4,'0',NULL,NULL),(149,91,'0.00','Memastikan pelaksanaan kegiatan penyusunan kajian sesuai dengan timeline yang direncanakan ',4,'0',NULL,NULL),(152,89,'0.00','Melakukan penyusunan tim bersama antara Perum PPD dan Perum Damri',11,'0',NULL,NULL),(155,90,'0.00','Memastikan penyampaian data - data yang dibutuhkan oleh Konsultan Bersama, sesuai dengan target',11,'0',NULL,NULL),(156,91,'0.00','Memastikan pelaksanaan kegiatan penyusunan kajian sesuai dengan timeline yang direncanakan ',11,'0',NULL,NULL),(157,89,'0.00','Melakukan penyusunan tim bersama antara Perum PPD dan Perum Damri',7,'0',NULL,NULL),(158,90,'0.00','Memastikan penyampaian data - data yang dibutuhkan oleh Konsultan Bersama, sesuai dengan target',7,'0',NULL,NULL),(159,37,'0.00','a. Kerjasama iklan di bus',4,'0',NULL,NULL),(160,91,'0.00','Memastikan pelaksanaan kegiatan penyusunan kajian sesuai dengan timeline yang direncanakan ',7,'0',NULL,NULL),(161,89,'0.00','Melakukan penyusunan tim bersama antara Perum PPD dan Perum Damri',15,'0',NULL,NULL),(162,90,'0.00','Memastikan penyampaian data - data yang dibutuhkan oleh Konsultan Bersama, sesuai dengan target',15,'0',NULL,NULL),(163,37,'0.00','b. Melakukan penagihan pembayaran Rupiah/Km berdasarkan kurang bayar akibat selisih rasio pramudi  - Melakukan koordinasi dengan bersurat kepada PT. Transportasi Jakarta perihal kurang bayar akibat selisih rasio pramudi',3,'0',NULL,NULL),(164,91,'0.00','Memastikan pelaksanaan kegiatan penyusunan kajian sesuai dengan timeline yang direncanakan ',15,'0',NULL,NULL),(165,37,'0.00','b. Melakukan penagihan pembayaran Rupiah/Km berdasarkan kurang bayar akibat selisih rasio pramudi  - Melakukan koordinasi lanjutan terkait realisasi pencairan kurang bayar akibat selisih rasio pramudi',3,'0',NULL,NULL),(166,89,'0.00','Melakukan penyusunan tim bersama antara Perum PPD dan Perum Damri',14,'0',NULL,NULL),(167,90,'0.00','Memastikan penyampaian data - data yang dibutuhkan oleh Konsultan Bersama, sesuai dengan target',14,'0',NULL,NULL),(168,91,'0.00','Memastikan pelaksanaan kegiatan penyusunan kajian sesuai dengan timeline yang direncanakan ',14,'0',NULL,NULL),(169,89,'0.00','Melakukan penyusunan tim bersama antara Perum PPD dan Perum Damri',13,'0',NULL,NULL),(170,90,'0.00','Memastikan penyampaian data - data yang dibutuhkan oleh Konsultan Bersama, sesuai dengan target',13,'0',NULL,NULL),(171,37,'0.00','b. Melakukan penagihan pembayaran Rupiah/Km berdasarkan kurang bayar akibat selisih rasio pramudi  - Realisasi pencairan kurang bayar akibat selisih rasio pramudi',3,'0',NULL,NULL),(172,91,'0.00','Memastikan pelaksanaan kegiatan penyusunan kajian sesuai dengan timeline yang direncanakan ',13,'0',NULL,NULL),(173,89,'0.00','Melakukan penyusunan tim bersama antara Perum PPD dan Perum Damri',1,'0',NULL,NULL),(174,37,'0.00','b. Melakukan penagihan pembayaran Rupiah/Km berdasarkan kurang bayar akibat selisih rasio pramudi - Melakukan koordinasi dengan bersurat kepada PT. Transportasi Jakarta perihal kurang bayar akibat selisih rasio pramudi ',9,'0',NULL,NULL),(175,37,'0.00','b. Melakukan penagihan pembayaran Rupiah/Km berdasarkan kurang bayar akibat selisih rasio pramudi  - Melakukan koordinasi lanjutan terkait realisasi pencairan kurang bayar akibat selisih rasio pramudi',9,'0',NULL,NULL),(176,90,'0.00','Memastikan penyampaian data - data yang dibutuhkan oleh Konsultan Bersama, sesuai dengan target',1,'0',NULL,NULL),(177,37,'0.00','b. Melakukan penagihan pembayaran Rupiah/Km berdasarkan kurang bayar akibat selisih rasio pramudi  - Realisasi pencairan kurang bayar akibat selisih rasio pramudi',9,'0',NULL,NULL),(178,91,'0.00','Memastikan pelaksanaan kegiatan penyusunan kajian sesuai dengan timeline yang direncanakan',1,'0',NULL,NULL),(179,89,'0.00','Melakukan penyusunan tim bersama antara Perum PPD dan Perum Damri',6,'0',NULL,NULL),(180,37,'0.00','c. Melakukan penagihan pembayaran Rupiah/Km berdasarkan kenaikan UMP - Melakukan koordinasi dengan bersurat kepada PT. Transportasi Jakarta perihal kenaikan UMP',9,'0',NULL,NULL),(181,90,'0.00','Memastikan penyampaian data - data yang dibutuhkan oleh Konsultan Bersama, sesuai dengan target',6,'0',NULL,NULL),(182,37,'0.00','c. Melakukan penagihan pembayaran Rupiah/Km berdasarkan kenaikan UMP - Realisasi pencairan kenaikan UMP',9,'0',NULL,NULL),(183,91,'0.00','Memastikan pelaksanaan kegiatan penyusunan kajian sesuai dengan timeline yang direncanakan',6,'0',NULL,NULL),(184,89,'0.00','Melakukan penyusunan tim bersama antara Perum PPD dan Perum Damri',9,'0',NULL,NULL),(185,37,'0.00','c. Melakukan penagihan pembayaran Rupiah/Km berdasarkan kenaikan UMP - Melakukan koordinasi dengan bersurat kepada PT. Transportasi Jakarta perihal kenaikan UMP',3,'0',NULL,NULL),(186,90,'0.00','Memastikan penyampaian data - data yang dibutuhkan oleh Konsultan Bersama, sesuai dengan target',9,'0',NULL,NULL),(187,91,'0.00','Memastikan pelaksanaan kegiatan penyusunan kajian sesuai dengan timeline yang direncanakan ',9,'0',NULL,NULL),(188,37,'0.00','c. Melakukan penagihan pembayaran Rupiah/Km berdasarkan kenaikan UMP - Realisasi pencairan kenaikan UMP',3,'0',NULL,NULL),(189,89,'0.00','Melakukan penyusunan tim bersama antara Perum PPD dan Perum Damri',8,'0',NULL,NULL),(190,90,'0.00','Memastikan penyampaian data - data yang dibutuhkan oleh Konsultan Bersama, sesuai dengan target',8,'0',NULL,NULL),(191,38,'0.00','Melakukan rekonsiliasi piutang usaha',3,'0',NULL,NULL),(192,38,'0.00','Melakukan koordinasi dengan mitra terkait pembayaran piutang usaha',3,'0',NULL,NULL),(193,91,'0.00','Memastikan pelaksanaan kegiatan penyusunan kajian sesuai dengan timeline yang direncanakan ',8,'0',NULL,NULL),(194,38,'0.00','Jika terdapat ketidaksepakatan, dilakukan langkah hukum',3,'0',NULL,NULL),(195,38,'0.00','Pembayaran piutang usaha',3,'0',NULL,NULL),(196,39,'0.00','Melakukan percepatan koordinasi teknis secara efektif dengan KBUMN dan Keuangan, dalam rangka penyelesaian utang RDI menjadi PMN.',3,'0',NULL,NULL),(197,85,'0.00','Penyusunan Kajian SOP Sistem Pengawasan Kesehatan Pramudi',5,'0',NULL,NULL),(198,85,'0.00','Penyusunan dan Pengesahan SOP Sistem Pengawasan Kesehatan Pramudi',5,'0',NULL,NULL),(199,40,'0.00','Mengimplementasikan penerapan ERP sebagai alat kontrol anggaran',3,'0',NULL,NULL),(201,40,'0.00','Melaksanakan kontrol anggaran di masing - masing Divisi',3,'0',NULL,NULL),(202,85,'0.00','Sosialisasi SOP Sistem Pengawasan Kesehatan Pramudi',5,'0',NULL,NULL),(203,85,'0.00','Pelaksanaan dan Monitoring Implementasi SOP Sistem Pengawasan Kesehatan Pramudi',5,'0',NULL,NULL),(204,40,'0.00','Melaksanakan kontrol anggaran di masing - masing Divisi',1,'0',NULL,NULL),(205,85,'0.00','Evaluasi Pelaksanaan SOP Sistem Pengawasan Kesehatan Pramudi',5,'0',NULL,NULL),(206,40,'0.00','Melaksanakan kontrol anggaran di masing - masing Divisi',2,'0',NULL,NULL),(207,86,'0.00','Penyusunan KAK Kegiatan Medical Check Up Pramudi',5,'0',NULL,NULL),(208,86,'0.00','Pemilihan Klinik/RS untuk Medical Check Up Pramudi',5,'0',NULL,NULL),(209,40,'0.00','Melaksanakan kontrol anggaran di masing - masing Divisi',4,'0',NULL,NULL),(210,86,'0.00','Pelaksanaan Kegiatan Medical Check Up Pramudi Tahunan dan Rekrutmen Baru',5,'0',NULL,NULL),(211,40,'0.00','Melaksanakan kontrol anggaran di masing - masing Divisi',5,'0',NULL,NULL),(212,86,'0.00','Pelaksanaan Kegiatan Medical Check Up Pramudi Tahunan dan Rekrutmen Baru',11,'0',NULL,NULL),(213,40,'0.00','Melaksanakan kontrol anggaran di masing - masing Divisi',6,'0',NULL,NULL),(214,86,'0.00','Pelaksanaan Kegiatan Medical Check Up Pramudi Tahunan dan Rekrutmen Baru',15,'0',NULL,NULL),(215,86,'0.00','Pelaksanaan Kegiatan Medical Check Up Pramudi Tahunan dan Rekrutmen Baru',14,'0',NULL,NULL),(216,40,'0.00','Melaksanakan kontrol anggaran di masing - masing Divisi',7,'0',NULL,NULL),(217,86,'0.00','Pelaksanaan Kegiatan Medical Check Up Pramudi Tahunan dan Rekrutmen Baru',9,'0',NULL,NULL),(218,86,'0.00','Pelaksanaan Kegiatan Medical Check Up Pramudi Tahunan dan Rekrutmen Baru',8,'0',NULL,NULL),(219,86,'0.00','Evaluasi Efektifitas Kegiatan Medical Check Up Pramudi Tahunan dan Rekrutmen Baru',5,'0',NULL,NULL),(220,40,'0.00','Melaksanakan kontrol anggaran di masing - masing Divisi',8,'0',NULL,NULL),(221,87,'0.00','Penyusunan Buku Saku Pramudi yang memuat hak dan kewajiban Pramudi',5,'0',NULL,NULL),(222,87,'0.00','Sosialisasi berkala Buku Saku Pramudi ',5,'0',NULL,NULL),(223,40,'0.00','Melaksanakan kontrol anggaran di masing - masing Divisi',9,'0',NULL,NULL),(224,87,'0.00','Pelaksanaan dan Monitoring Pembinaan Pramudi sesuai buku saku',5,'0',NULL,NULL),(225,40,'0.00','Melaksanakan kontrol anggaran di masing - masing Divisi',11,'0',NULL,NULL),(226,87,'0.00','Evaluasi Pelaksanaan Pembinaan Pramudi sesuai buku saku',5,'0',NULL,NULL),(230,40,'0.00','Melaksanakan kontrol anggaran di masing - masing Divisi',12,'0',NULL,NULL),(231,87,'0.00','Sosialisasi berkala Buku Saku Pramudi',11,'0',NULL,NULL),(232,40,'0.00','Melaksanakan kontrol anggaran di masing - masing Divisi',13,'0',NULL,NULL),(233,87,'0.00','Pelaksanaan dan Monitoring Pembinaan Pramudi sesuai buku saku',11,'0',NULL,NULL),(234,87,'0.00','Evaluasi Pelaksanaan Pembinaan Pramudi sesuai buku saku',11,'0',NULL,NULL),(235,40,'0.00','Melaksanakan kontrol anggaran di masing - masing Divisi',15,'0',NULL,NULL),(236,87,'0.00','Sosialisasi berkala Buku Saku Pramudi ',15,'0',NULL,NULL),(237,87,'0.00','Pelaksanaan dan Monitoring Pembinaan Pramudi sesuai buku saku',15,'0',NULL,NULL),(238,87,'0.00','Evaluasi Pelaksanaan Pembinaan Pramudi sesuai buku saku',15,'0',NULL,NULL),(239,40,'0.00','Melaksanakan kontrol anggaran di masing - masing Divisi',14,'0',NULL,NULL),(240,87,'0.00','Sosialisasi berkala Buku Saku Pramudi ',14,'0',NULL,NULL),(241,87,'0.00','Pelaksanaan dan Monitoring Pembinaan Pramudi sesuai buku saku',14,'0',NULL,NULL),(242,87,'0.00','Evaluasi Pelaksanaan Pembinaan Pramudi sesuai buku saku',14,'0',NULL,NULL),(246,87,'0.00','Penyusunan Buku Saku Pramudi yang memuat hak dan kewajiban Pramudi',9,'0',NULL,NULL),(247,87,'0.00','Sosialisasi berkala Buku Saku Pramudi ',9,'0',NULL,NULL),(248,87,'0.00','Pelaksanaan dan Monitoring Pembinaan Pramudi sesuai buku saku',9,'0',NULL,NULL),(249,87,'0.00','Evaluasi Pelaksanaan Pembinaan Pramudi sesuai buku saku',9,'0',NULL,NULL),(250,87,'0.00','Sosialisasi berkala Buku Saku Pramudi',8,'0',NULL,NULL),(251,87,'0.00','Pelaksanaan dan Monitoring Pembinaan Pramudi sesuai buku saku',8,'0',NULL,NULL),(252,87,'0.00','Evaluasi Pelaksanaan Pembinaan Pramudi sesuai buku saku',8,'0',NULL,NULL),(253,88,'0.00','Penambahan dan penyesuaian lokasi pengisian BBM',9,'0',NULL,NULL),(254,41,'0.00','Melakukan koordinasi dengan Instansi terkait',2,'0',NULL,NULL),(255,41,'0.00','Menyusun nilai penawaran lelang',2,'0',NULL,NULL),(256,41,'0.00','Melaksanakan proses lelang sesuai ketentuan yang berlaku',2,'0',NULL,NULL),(257,41,'0.00','Pengoperasian layanan berbasis PSO',2,'0',NULL,NULL),(258,42,'0.00','Melakukan penyusunan kajian kelayakan investasi',2,'0',NULL,NULL),(259,42,'0.00','Melakukan penyusunan proposal kerjasama',2,'0',NULL,NULL),(260,42,'0.00','Melakukan koordinasi dan menyampaikan proposal kerjasama kepada mitra',2,'0',NULL,NULL),(261,42,'0.00','Melakukan penandatangan kontrak kerjasama dengan mitra',2,'0',NULL,NULL),(262,42,'0.00','Melakukan penandatangan kontrak kerjasama dengan mitra',1,'0',NULL,NULL),(263,43,'0.00','Melakukan penyusunan kajian kelayakan investasi',2,'0',NULL,NULL),(264,43,'0.00','Melakukan penyusunan proposal kerjasama',2,'0',NULL,NULL),(265,43,'0.00','Melakukan koordinasi dan menyampaikan proposal kerjasama kepada mitra',2,'0',NULL,NULL),(266,43,'0.00','Melakukan penandatangan kontrak kerjasama dengan mitra',2,'0',NULL,NULL),(267,43,'0.00','Melakukan penyusunan kajian kelayakan investasi',3,'0',NULL,NULL),(268,43,'0.00','Melakukan penyusunan proposal kerjasama',3,'0',NULL,NULL),(269,43,'0.00','Melakukan koordinasi dan menyampaikan proposal kerjasama kepada mitra',3,'0',NULL,NULL),(270,43,'0.00','Melakukan penandatangan kontrak kerjasama dengan mitra',1,'0',NULL,NULL),(271,44,'0.00','Memastikan kelengkapan administrasi lelang dan melaksanakan upload lelang lebih awal, sehingga memiliki banyak waktu jika terdapat kekurangan dokumen',2,'0',NULL,NULL),(272,45,'0.00','Memastikan penawaran harga tidak terlalu tinggi namun masih dalam batasan ketegori layak sesuai perhitungan kelayakan bisnis',2,'0',NULL,NULL),(273,46,'0.00','Melakukan penyusunan kajian kelayakan investasi',2,'0',NULL,NULL),(274,46,'0.00','Melakukan penyusunan proposal kerjasama',2,'0',NULL,NULL),(275,46,'0.00','Melakukan koordinasi dan menyampaikan proposal kerjasama kepada mitra',2,'0',NULL,NULL),(276,46,'0.00','Melakukan penandatangan kontrak kerjasama dengan mitra',2,'0',NULL,NULL),(277,46,'0.00','Melakukan penandatangan kontrak kerjasama dengan mitra',1,'0',NULL,NULL),(278,49,'0.00','Melakukan koordinasi dengan Instansi terkait',2,'0',NULL,NULL),(279,49,'0.00','Menyusun nilai penawaran lelang',2,'0',NULL,NULL),(280,49,'0.00','Melaksanakan proses lelang sesuai ketentuan yang berlaku',2,'0',NULL,NULL),(281,50,'0.00','Mengupayakan adanya pembayaran berdasarkan pencapaian kilometer minimal dalam kontrak ',2,'0',NULL,NULL),(282,50,'0.00','Mengupayakan adanya pembayaran berdasarkan pencapaian kilometer minimal dalam kontrak ',1,'0',NULL,NULL),(283,51,'0.00','Mengupayakan adanya opsi perpanjangan kontrak mencapai target volume kilometer',2,'0',NULL,NULL),(284,51,'0.00','Mengupayakan adanya opsi perpanjangan kontrak mencapai target volume kilometer',1,'0',NULL,NULL),(285,52,'0.00','Memastikan kelengkapan administrasi lelang dan melaksanakan upload lelang lebih awal, sehingga memiliki banyak waktu jika terdapat kekuarngan dokumen',2,'0',NULL,NULL),(286,53,'0.00','Memastikan penawaran harga tidak terlalu tinggi namun masih dalam batasan ketegori layaka sesuai perhitungan kelayakan bisnis',2,'0',NULL,NULL),(287,54,'0.00','Melakukan penyusunan kajian kelayakan investasi',2,'0',NULL,NULL),(288,54,'0.00','Melakukan penyusunan proposal kerjasama',2,'0',NULL,NULL),(289,54,'0.00','Melakukan koordinasi dan menyampaikan proposal kerjasama kepada mitra',2,'0',NULL,NULL),(290,54,'0.00','Melakukan penandatangan kontrak kerjasama dengan mitra',2,'0',NULL,NULL),(291,54,'0.00','Melakukan penandatangan kontrak kerjasama dengan mitra',1,'0',NULL,NULL),(292,55,'0.00','Melakukan koordinasi dengan Instansi terkait',2,'0',NULL,NULL),(293,55,'0.00','Menyusun nilai penawaran lelang',2,'0',NULL,NULL),(294,55,'0.00','Melaksanakan proses lelang sesuai ketentuan yang berlaku',2,'0',NULL,NULL),(295,55,'0.00','Pengoperasian layanan berbasis PSO',2,'0',NULL,NULL),(296,56,'0.00','Mengupayakan tingkat kesehatan perusahaan dalam kondisi sehat   ',3,'0',NULL,NULL),(297,57,'0.00',' Menjaga target rasio tingkat kesehatan keuangan Perusahaan  sebagai syarat pinjaman kepada Bank',3,'0',NULL,NULL),(298,57,'0.00',' Bersurat kepada Bank atau Lembaga Keuangan perihal permohonan pinjaman jangka panjang',3,'0',NULL,NULL),(299,57,'0.00','Menyampaikan dokumen - dokumen perusahaan yang dibutuhkan (laporan keuangan audited terakhir, legalitas perusahaan, KTP Direksi dan Dewas, NPWP Perusahaan, dan lain - lain)',3,'0',NULL,NULL),(300,57,'0.00','Melaksanaan apprisal sebagai jaminan',3,'0',NULL,NULL),(301,57,'0.00','Bank melakukan analisa keuangan dan pengecakan BI checking',3,'0',NULL,NULL),(302,57,'0.00','OL Bank',3,'0',NULL,NULL),(303,57,'0.00','Tanda tangan perjanjian',3,'0',NULL,NULL),(304,58,'0.00','Melakukan koordinasi kepada pihak ke III terkait permohonan pinjaman ',3,'0',NULL,NULL),(305,58,'0.00','Tanda tangan perjanjian',3,'0',NULL,NULL),(306,58,'0.00','Tanda tangan perjanjian',1,'0',NULL,NULL),(307,59,'0.00','Melakukan penyesuaian dan penyempurnaan SOP bidang Teknik ',13,'0',NULL,NULL),(308,59,'0.00','Melakukan penyesuaiPelaksanaan pemeliharaan bus terjadwalan dan penyempurnaan SOP bidang Teknik ',13,'0',NULL,NULL),(309,59,'0.00','Pelaksanaan perbaikan bus dilaksanakan secara optimal',13,'0',NULL,NULL),(310,59,'0.00','Ketersediaan barang/suku cadang di gudang dipastikan selalu tersedia (rasio inventory turnover sesuai)',13,'0',NULL,NULL),(311,59,'0.00','Ketersediaan modal kerja minimal untuk pelaksanaan pemeliharaan dan perbaikan bus',13,'0',NULL,NULL),(312,59,'0.00','Melakukan penyesuaian dan penyempurnaan SOP bidang Teknik ',7,'0',NULL,NULL),(313,59,'0.00','Pelaksanaan pemeliharaan bus terjadwal',7,'0',NULL,NULL),(314,59,'0.00','Pelaksanaan perbaikan bus dilaksanakan secara optimal',7,'0',NULL,NULL),(315,59,'0.00','Ketersediaan barang/suku cadang di gudang dipastikan selalu tersedia (rasio inventory turnover sesuai)',7,'0',NULL,NULL),(316,59,'0.00','Ketersediaan modal kerja minimal untuk pelaksanaan pemeliharaan dan perbaikan bus',7,'0',NULL,NULL),(317,59,'0.00','Ketersediaan modal kerja minimal untuk pelaksanaan pemeliharaan dan perbaikan bus',3,'0',NULL,NULL),(318,60,'0.00','Penyusunan dan Pengesahan Program pembinaan teknisi',5,'0',NULL,NULL),(319,60,'0.00','Pelaksanaan pembinaan teknisi secara rutin',5,'0',NULL,NULL),(320,60,'0.00','Membuat raport kinerja teknisi secara berkala',5,'0',NULL,NULL),(321,60,'0.00','Pelaksanaan pembinaan teknisi secara rutin ',13,'0',NULL,NULL),(322,61,'0.00','Melakukan evaluasi kondisi bus secara berkala',13,'0',NULL,NULL),(323,61,'0.00','Melakukan evaluasi kondisi bus secara berkala',7,'0',NULL,NULL),(324,62,'0.00','Pemberian sanksi terhadap kelalalian teknisi',13,'0',NULL,NULL),(325,62,'0.00','Pemberian sanksi terhadap kelalalian teknisi',5,'0',NULL,NULL),(326,63,'0.00','Melakukan penyesuaian dan penyempurnaan SOP bidang Satuan Pengawasan Internal',6,'0',NULL,NULL),(327,63,'0.00','Melakukan optimalisasi pengawasan efektifitas dan efisiensi kinerja perusahaan dengan pelaksanaan audit kinerja sesuai dengan Pedoman yang berlaku',6,'0',NULL,NULL),(328,64,'0.00','Melakukan penyesuaian dan penyempurnaan SOP bidang Teknik',13,'0',NULL,NULL),(329,64,'0.00','Pelaksanaan pemeliharaan bus terjadwal',13,'0',NULL,NULL),(330,64,'0.00','Pelaksanaan perbaikan bus dilaksanakan secara optimal',13,'0',NULL,NULL),(331,64,'0.00','Ketersediaan barang/suku cadang di gudang dipastikan selalu tersedia (rasio inventory turnover sesuai)',13,'0',NULL,NULL),(332,64,'0.00','Ketersediaan modal kerja minimal untuk pelaksanaan pemeliharaan dan perbaikan bus',13,'0',NULL,NULL),(333,64,'0.00','Melakukan penyesuaian dan penyempurnaan SOP bidang Teknik',7,'0',NULL,NULL),(334,64,'0.00','Pelaksanaan pemeliharaan bus terjadwal',7,'0',NULL,NULL),(335,64,'0.00','Pelaksanaan perbaikan bus dilaksanakan secara optimal',7,'0',NULL,NULL),(336,64,'0.00','Ketersediaan barang/suku cadang di gudang dipastikan selalu tersedia (rasio inventory turnover sesuai)',7,'0',NULL,NULL),(337,64,'0.00','Ketersediaan modal kerja minimal untuk pelaksanaan pemeliharaan dan perbaikan bus',7,'0',NULL,NULL),(338,64,'0.00','Ketersediaan modal kerja minimal untuk pelaksanaan pemeliharaan dan perbaikan bus',7,'0',NULL,NULL),(339,64,'0.00','Ketersediaan modal kerja minimal untuk pelaksanaan pemeliharaan dan perbaikan bus',3,'0',NULL,NULL),(340,65,'0.00','Melakukan identifikasi terkait kerusakan bus dan LAKA secara berkala',13,'0',NULL,NULL),(341,65,'0.00','Melakukan identifikasi terkait kerusakan bus dan LAKA secara berkala',7,'0',NULL,NULL),(342,66,'0.00','Ketersediaan jumlah pramudi dipastikan tetap sesuai dengan jumlah bus operasi sesuai rasio yang telah ditetapkan',9,'0',NULL,NULL),(343,66,'0.00','Ketersediaan jumlah pramudi dipastikan tetap sesuai dengan jumlah bus operasi sesuai rasio yang telah ditetapkan',11,'0',NULL,NULL),(344,66,'0.00','Ketersediaan jumlah pramudi dipastikan tetap sesuai dengan jumlah bus operasi sesuai rasio yang telah ditetapkan',8,'0',NULL,NULL),(345,66,'0.00','Ketersediaan jumlah pramudi dipastikan tetap sesuai dengan jumlah bus operasi sesuai rasio yang telah ditetapkan',15,'0',NULL,NULL),(346,66,'0.00','Ketersediaan jumlah pramudi dipastikan tetap sesuai dengan jumlah bus operasi sesuai rasio yang telah ditetapkan',14,'0',NULL,NULL),(347,66,'0.00','Ketersediaan jumlah pramudi dipastikan tetap sesuai dengan jumlah bus operasi sesuai rasio yang telah ditetapkan',5,'0',NULL,NULL),(348,67,'0.00','Koordinasi antara SBU Transbusway dengan SBU Pemeliharaan dan Perbaikan bus terkait rencana operasi bus',13,'0',NULL,NULL),(349,67,'0.00','Koordinasi antara SBU Transbusway dengan SBU Pemeliharaan dan Perbaikan bus terkait rencana operasi bus',9,'0',NULL,NULL),(350,68,'0.00','Melakukan penyesuaian dan penyempurnaan SOP bidang Satuan Pengawasan Internal',6,'0',NULL,NULL),(351,68,'0.00','Melakukan optimalisasi pengawasan efektifitas dan efisiensi kinerja perusahaan dengan pelaksanaan audit kinerja SBU Pemhar sesuai dengan Pedoman yang berlaku',6,'0',NULL,NULL),(352,69,'0.00','Pembaharuan Sistem Manajemen Kinerja dan Pola Karir',5,'0',NULL,NULL),(353,69,'0.00','Sosialisasi Sistem Manajemen Kinerja dan Pola Karir',5,'0',NULL,NULL),(354,69,'0.00','Pelaksanaan Sistem Manajemen Kinerja dan Pola Karir',5,'0',NULL,NULL),(355,69,'0.00','Evaluasi Sistem Manajemen Kinerja dan Pola Karir',5,'0',NULL,NULL),(356,70,'0.00','Pengajuan Anggaran untuk program kesejahteraan karyawan secara tepat waktu',5,'0',NULL,NULL),(357,70,'0.00','Monitoring serapan anggaran untuk program kesejahteraan karyawan',5,'0',NULL,NULL),(358,70,'0.00','Evaluasi serapan anggaran untuk program kesejahteraan karyawan',5,'0',NULL,NULL),(359,71,'0.00','Melakukan survei kepuasan karyawan secara berkala',5,'0',NULL,NULL),(360,72,'0.00','Penyusunan dan Pengesahan Sistem Manajemen Kinerja Pramudi',5,'0',NULL,NULL),(361,72,'0.00','Melakukan sosialisasi Sistem Manajemen Kinerja Pramudi',5,'0',NULL,NULL),(362,72,'0.00','Pelaksanaan Sistem Manajemen Kinerja Pramudi',5,'0',NULL,NULL),(363,72,'0.00','Evaluasi Sistem Manajemen Kinerja Pramudi',5,'0',NULL,NULL),(364,72,'0.00','Pelaksanaan Sistem Manajemen Kinerja Pramudi',8,'0',NULL,NULL),(365,72,'0.00','Evaluasi Sistem Manajemen Kinerja Pramudi',8,'0',NULL,NULL),(366,72,'0.00','Pelaksanaan Sistem Manajemen Kinerja Pramudi',9,'0',NULL,NULL),(367,72,'0.00','Evaluasi Sistem Manajemen Kinerja Pramudi',9,'0',NULL,NULL),(368,72,'0.00','Pelaksanaan Sistem Manajemen Kinerja Pramudi',11,'0',NULL,NULL),(369,72,'0.00','Evaluasi Sistem Manajemen Kinerja Pramudi',11,'0',NULL,NULL),(370,72,'0.00','Pelaksanaan Sistem Manajemen Kinerja Pramudi',15,'0',NULL,NULL),(371,72,'0.00','Evaluasi Sistem Manajemen Kinerja Pramudi',15,'0',NULL,NULL),(372,72,'0.00','Pelaksanaan Sistem Manajemen Kinerja Pramudi',14,'0',NULL,NULL),(373,72,'0.00','Evaluasi Sistem Manajemen Kinerja Pramudi',14,'0',NULL,NULL),(374,73,'0.00','Penyusunan dan Pengesahan Program pembinaan pramudi',5,'0',NULL,NULL),(375,73,'0.00','Pelaksanaan pembinaan pramudi secara rutin seperti; Apel rutin pagi kepada Pramudi dan sosialisasi berkendara yang baik dan benar',5,'0',NULL,NULL),(376,73,'0.00','Membuat raport kinerja pramudi secara berkala',5,'0',NULL,NULL),(377,73,'0.00','Pelaksanaan pembinaan pramudi secara rutin seperti; Apel rutin pagi kepada Pramudi dan sosialisasi berkendara yang baik dan benar',8,'0',NULL,NULL),(378,73,'0.00','Membuat raport kinerja pramudi secara berkala',8,'0',NULL,NULL),(379,73,'0.00','Pelaksanaan pembinaan pramudi secara rutin seperti; Apel rutin pagi kepada Pramudi dan sosialisasi berkendara yang baik dan benar',9,'0',NULL,NULL),(380,73,'0.00','Membuat raport kinerja pramudi secara berkala',9,'0',NULL,NULL),(381,73,'0.00','Pelaksanaan pembinaan pramudi secara rutin seperti; Apel rutin pagi kepada Pramudi dan sosialisasi berkendara yang baik dan benar',11,'0',NULL,NULL),(382,73,'0.00','Membuat raport kinerja pramudi secara berkala',11,'0',NULL,NULL),(383,73,'0.00','Pelaksanaan pembinaan pramudi secara rutin seperti; Apel rutin pagi kepada Pramudi dan sosialisasi berkendara yang baik dan benar',15,'0',NULL,NULL),(384,73,'0.00','Membuat raport kinerja pramudi secara berkala',15,'0',NULL,NULL),(385,73,'0.00','Pelaksanaan pembinaan pramudi secara rutin seperti; Apel rutin pagi kepada Pramudi dan sosialisasi berkendara yang baik dan benar',14,'0',NULL,NULL),(386,73,'0.00','Membuat raport kinerja pramudi secara berkala',14,'0',NULL,NULL),(387,74,'0.00','Penyiapan dokumen untuk sertifikasi SMK',7,'0',NULL,NULL),(388,74,'0.00','Penyampaian dokumen SMK ke Instansi berwenang',7,'0',NULL,NULL),(389,74,'0.00','Penerapan sistem SMK',7,'0',NULL,NULL),(390,74,'0.00','Evaluasi penerapan SMK',7,'0',NULL,NULL),(391,75,'0.00','Melakukan identifikasi terkait kerusakan bus dan LAKA secara berkala',7,'0',NULL,NULL),(392,76,'0.00','Melakukan koordinasi dan penawaran kepada transportasi online',4,'0',NULL,NULL),(393,76,'0.00','Menandatangi kontrak kerjasama',4,'0',NULL,NULL),(394,76,'0.00','Melaksanakan pengembangan sistem pembayaran terintegrasi',4,'0',NULL,NULL),(395,76,'0.00','Menandatangi kontrak kerjasama',1,'0',NULL,NULL),(396,77,'0.00','Menjaga target rasio tingkat kesehatan keuangan Perusahaan  sebagai syarat pinjaman kepada Bank',3,'0',NULL,NULL),(397,77,'0.00','Bersurat kepada Bank atau Lembaga Keuangan perihal permohonan pinjaman jangka panjang',3,'0',NULL,NULL),(398,77,'0.00','Menyampaikan dokumen - dokumen perusahaan yang dibutuhkan (laporan keuangan audited terakhir, legalitas perusahaan, KTP Direksi dan Dewas, NPWP Perusahaan, dan lain - lain)',3,'0',NULL,NULL),(399,77,'0.00','Melaksanaan apprisal sebagai jaminan',3,'0',NULL,NULL),(400,77,'0.00','Bank melakukan analisa keuangan dan pengecakan BI checking',3,'0',NULL,NULL),(401,77,'0.00','OL Bank',3,'0',NULL,NULL),(402,77,'0.00','Tanda tangan perjanjian',3,'0',NULL,NULL),(403,78,'0.00','a. Kerjasama iklan di bus',4,'0',NULL,NULL),(404,78,'0.00','b. Melakukan penagihan pembayaran Rupiah/Km berdasarkan kurang bayar akibat selisih rasio pramudi  - Melakukan koordinasi dengan bersurat kepada PT. Transportasi Jakarta perihal kurang bayar akibat selisih rasio pramudi',3,'0',NULL,NULL),(405,78,'0.00','b. Melakukan penagihan pembayaran Rupiah/Km berdasarkan kurang bayar akibat selisih rasio pramudi  - Melakukan koordinasi lanjutan terkait realisasi pencairan kurang bayar akibat selisih rasio pramudi',3,'0',NULL,NULL),(406,78,'0.00','b. Melakukan penagihan pembayaran Rupiah/Km berdasarkan kurang bayar akibat selisih rasio pramudi  - Realisasi pencairan kurang bayar akibat selisih rasio pramudi',3,'0',NULL,NULL),(407,78,'0.00','b. Melakukan penagihan pembayaran Rupiah/Km berdasarkan kurang bayar akibat selisih rasio pramudi  - Melakukan koordinasi dengan bersurat kepada PT. Transportasi Jakarta perihal kurang bayar akibat selisih rasio pramudi',9,'0',NULL,NULL),(408,78,'0.00','b. Melakukan penagihan pembayaran Rupiah/Km berdasarkan kurang bayar akibat selisih rasio pramudi  - Melakukan koordinasi lanjutan terkait realisasi pencairan kurang bayar akibat selisih rasio pramudi',9,'0',NULL,NULL),(409,78,'0.00','b. Melakukan penagihan pembayaran Rupiah/Km berdasarkan kurang bayar akibat selisih rasio pramudi  - Realisasi pencairan kurang bayar akibat selisih rasio pramudi',9,'0',NULL,NULL),(410,78,'0.00','c. Melakukan penagihan pembayaran Rupiah/Km berdasarkan kenaikan UMP - Melakukan koordinasi dengan bersurat kepada PT. Transportasi Jakarta perihal kenaikan UMP',3,'0',NULL,NULL),(411,78,'0.00','c. Melakukan penagihan pembayaran Rupiah/Km berdasarkan kenaikan UMP - Realisasi pencairan kenaikan UMP',3,'0',NULL,NULL),(412,78,'0.00','c. Melakukan penagihan pembayaran Rupiah/Km berdasarkan kenaikan UMP - Melakukan koordinasi dengan bersurat kepada PT. Transportasi Jakarta perihal kenaikan UMP',9,'0',NULL,NULL),(413,78,'0.00','c. Melakukan penagihan pembayaran Rupiah/Km berdasarkan kenaikan UMP - Melakukan koordinasi dengan bersurat kepada PT. Transportasi Jakarta perihal kenaikan UMP',9,'0',NULL,NULL),(414,78,'0.00','c. Melakukan penagihan pembayaran Rupiah/Km berdasarkan kenaikan UMP - Realisasi pencairan kenaikan UMP',9,'0',NULL,NULL),(415,79,'0.00','Melakukan rekonsiliasi piutang usaha',3,'0',NULL,NULL),(416,79,'0.00','Melakukan koordinasi dengan mitra terkait pembayaran piutang usaha',3,'0',NULL,NULL),(417,79,'0.00','Melakukan koordinasi dengan mitra terkait pembayaran piutang usaha',3,'0',NULL,NULL),(418,79,'0.00','Jika terdapat ketidaksepakatan, dilakukan langkah hukum',3,'0',NULL,NULL),(419,79,'0.00','Pembayaran piutang usaha',3,'0',NULL,NULL),(420,80,'0.00','Mengimplementasikan penerapan ERP sebagai alat kontrol anggaran',3,'0',NULL,NULL),(421,80,'0.00','Melaksanakan kontrol anggaran di masing - masing Divisi',3,'0',NULL,NULL),(422,80,'0.00','Melaksanakan kontrol anggaran di masing - masing Divisi',1,'0',NULL,NULL),(423,80,'0.00','Melaksanakan kontrol anggaran di masing - masing Divisi',2,'0',NULL,NULL),(424,80,'0.00','Melaksanakan kontrol anggaran di masing - masing Divisi',4,'0',NULL,NULL),(425,80,'0.00','Melaksanakan kontrol anggaran di masing - masing Divisi',5,'0',NULL,NULL),(426,80,'0.00','Melaksanakan kontrol anggaran di masing - masing Divisi',6,'0',NULL,NULL),(428,80,'0.00','Melaksanakan kontrol anggaran di masing - masing Divisi',7,'0',NULL,NULL),(429,80,'0.00','Melaksanakan kontrol anggaran di masing - masing Divisi',8,'0',NULL,NULL),(430,80,'0.00','Melaksanakan kontrol anggaran di masing - masing Divisi',9,'0',NULL,NULL),(431,80,'0.00','Melaksanakan kontrol anggaran di masing - masing Divisi',11,'0',NULL,NULL),(432,80,'0.00','Melaksanakan kontrol anggaran di masing - masing Divisi',12,'0',NULL,NULL),(433,80,'0.00','Melaksanakan kontrol anggaran di masing - masing Divisi',13,'0',NULL,NULL),(434,80,'0.00','Melaksanakan kontrol anggaran di masing - masing Divisi',15,'0',NULL,NULL),(435,80,'0.00','Melaksanakan kontrol anggaran di masing - masing Divisi',14,'0',NULL,NULL),(436,81,'0.00','Menjaga target rasio tingkat kesehatan keuangan Perusahaan  sebagai syarat pinjaman kepada Bank',3,'0',NULL,NULL),(437,81,'0.00','Bersurat kepada Bank atau Lembaga Keuangan perihal permohonan pinjaman jangka panjang',3,'0',NULL,NULL),(438,81,'0.00','Menyampaikan dokumen - dokumen perusahaan yang dibutuhkan (laporan keuangan audited terakhir, legalitas perusahaan, KTP Direksi dan Dewas, NPWP Perusahaan, dan lain - lain)',3,'0',NULL,NULL),(439,81,'0.00','Melaksanaan apprisal sebagai jaminan',3,'0',NULL,NULL),(440,81,'0.00','Bank melakukan analisa keuangan dan pengecakan BI checking',3,'0',NULL,NULL),(441,81,'0.00','OL Bank',3,'0',NULL,NULL),(442,81,'0.00','Tanda tangan perjanjian',3,'0',NULL,NULL),(443,82,'0.00','a. Kerjasama iklan di bus',4,'0',NULL,NULL),(450,82,'0.00','b. Melakukan penagihan pembayaran Rupiah/Km berdasarkan kurang bayar akibat selisih rasio pramudi - Melakukan koordinasi dengan bersurat kepada PT. Transportasi Jakarta perihal kurang bayar akibat selisih rasio pramudi',3,'0',NULL,NULL),(451,82,'0.00','b. Melakukan penagihan pembayaran Rupiah/Km berdasarkan kurang bayar akibat selisih rasio pramudi - Melakukan koordinasi lanjutan terkait realisasi pencairan kurang bayar akibat selisih rasio pramudi',3,'0',NULL,NULL),(452,82,'0.00','b. Melakukan penagihan pembayaran Rupiah/Km berdasarkan kurang bayar akibat selisih rasio pramudi - Realisasi pencairan kurang bayar akibat selisih rasio pramudi',3,'0',NULL,NULL),(453,82,'0.00','b. Melakukan penagihan pembayaran Rupiah/Km berdasarkan kurang bayar akibat selisih rasio pramudi - Melakukan koordinasi dengan bersurat kepada PT. Transportasi Jakarta perihal kurang bayar akibat selisih rasio pramudi',9,'0',NULL,NULL),(454,82,'0.00','b. Melakukan penagihan pembayaran Rupiah/Km berdasarkan kurang bayar akibat selisih rasio pramudi - Melakukan koordinasi lanjutan terkait realisasi pencairan kurang bayar akibat selisih rasio pramudi',9,'0',NULL,NULL),(455,82,'0.00','b. Melakukan penagihan pembayaran Rupiah/Km berdasarkan kurang bayar akibat selisih rasio pramudi - Realisasi pencairan kurang bayar akibat selisih rasio pramudi',9,'0',NULL,NULL),(456,82,'0.00','c. Melakukan penagihan pembayaran Rupiah/Km berdasarkan kenaikan UMP - Melakukan koordinasi dengan bersurat kepada PT. Transportasi Jakarta perihal kenaikan UMP',3,'0',NULL,NULL),(457,82,'0.00','c. Melakukan penagihan pembayaran Rupiah/Km berdasarkan kenaikan UMP - Realisasi pencairan kenaikan UMP',3,'0',NULL,NULL),(458,82,'0.00','c. Melakukan penagihan pembayaran Rupiah/Km berdasarkan kenaikan UMP - Melakukan koordinasi dengan bersurat kepada PT. Transportasi Jakarta perihal kenaikan UMP',9,'0',NULL,NULL),(459,82,'0.00','c. Melakukan penagihan pembayaran Rupiah/Km berdasarkan kenaikan UMP - Realisasi pencairan kenaikan UMP',9,'0',NULL,NULL),(460,83,'0.00','Melakukan rekonsiliasi piutang usaha',3,'0',NULL,NULL),(461,83,'0.00','Melakukan koordinasi dengan mitra terkait pembayaran piutang usaha',3,'0',NULL,NULL),(462,83,'0.00','Jika terdapat ketidaksepakatan, dilakukan langkah hukum',3,'0',NULL,NULL),(463,83,'0.00','Pembayaran piutang usaha',3,'0',NULL,NULL),(464,84,'0.00','Mengimplementasikan penerapan ERP sebagai alat kontrol anggaran',3,'0',NULL,NULL),(465,84,'0.00','Melaksanakan kontrol anggaran di masing - masing Divisi',3,'0',NULL,NULL),(466,84,'0.00','Melaksanakan kontrol anggaran di masing - masing Divisi',1,'0',NULL,NULL),(467,84,'0.00','Melaksanakan kontrol anggaran di masing - masing Divisi',2,'0',NULL,NULL),(468,84,'0.00','Melaksanakan kontrol anggaran di masing - masing Divisi',4,'0',NULL,NULL),(469,84,'0.00','Melaksanakan kontrol anggaran di masing - masing Divisi',5,'0',NULL,NULL),(470,84,'0.00','Melaksanakan kontrol anggaran di masing - masing Divisi',6,'0',NULL,NULL),(471,84,'0.00','Melaksanakan kontrol anggaran di masing - masing Divisi',7,'0',NULL,NULL),(472,84,'0.00','Melaksanakan kontrol anggaran di masing - masing Divisi',8,'0',NULL,NULL),(473,84,'0.00','Melaksanakan kontrol anggaran di masing - masing Divisi',9,'0',NULL,NULL),(474,84,'0.00','Melaksanakan kontrol anggaran di masing - masing Divisi',11,'0',NULL,NULL),(475,84,'0.00','Melaksanakan kontrol anggaran di masing - masing Divisi',12,'0',NULL,NULL),(476,84,'0.00','Melaksanakan kontrol anggaran di masing - masing Divisi',13,'0',NULL,NULL),(477,84,'0.00','Melaksanakan kontrol anggaran di masing - masing Divisi',15,'0',NULL,NULL),(478,84,'0.00','Melaksanakan kontrol anggaran di masing - masing Divisi',14,'0',NULL,NULL);

/*Table structure for table `risk_mitigation_divisions` */

DROP TABLE IF EXISTS `risk_mitigation_divisions`;

CREATE TABLE `risk_mitigation_divisions` (
  `id` int(11) unsigned NOT NULL AUTO_INCREMENT,
  `id_risk_mitigation` int(11) NOT NULL,
  `id_division` int(11) NOT NULL,
  `is_active` enum('0','1') NOT NULL,
  `created_at` datetime DEFAULT NULL,
  `updated_at` datetime DEFAULT NULL,
  PRIMARY KEY (`id`)
) ENGINE=InnoDB AUTO_INCREMENT=401 DEFAULT CHARSET=utf8;

/*Data for the table `risk_mitigation_divisions` */

insert  into `risk_mitigation_divisions`(`id`,`id_risk_mitigation`,`id_division`,`is_active`,`created_at`,`updated_at`) values (1,1,1,'0',NULL,NULL),(2,1,2,'0',NULL,NULL),(3,1,3,'0',NULL,NULL),(4,1,4,'0',NULL,NULL),(5,1,5,'0',NULL,NULL),(6,1,6,'0',NULL,NULL),(7,1,7,'0',NULL,NULL),(8,1,8,'0',NULL,NULL),(9,1,9,'0',NULL,NULL),(10,1,11,'0',NULL,NULL),(11,1,12,'0',NULL,NULL),(12,1,13,'0',NULL,NULL),(13,1,14,'0',NULL,NULL),(14,1,15,'0',NULL,NULL),(26,2,3,'0',NULL,NULL),(27,3,6,'0',NULL,NULL),(28,4,2,'0',NULL,NULL),(29,5,3,'0',NULL,NULL),(30,5,7,'0',NULL,NULL),(31,5,13,'0',NULL,NULL),(32,6,5,'0',NULL,NULL),(33,6,7,'0',NULL,NULL),(34,6,8,'0',NULL,NULL),(35,6,9,'0',NULL,NULL),(36,6,11,'0',NULL,NULL),(37,6,14,'0',NULL,NULL),(38,6,15,'0',NULL,NULL),(39,7,5,'0',NULL,NULL),(40,8,5,'0',NULL,NULL),(41,9,5,'0',NULL,NULL),(42,10,5,'0',NULL,NULL),(48,11,3,'0',NULL,NULL),(49,12,3,'0',NULL,NULL),(50,12,4,'0',NULL,NULL),(51,12,9,'0',NULL,NULL),(52,13,12,'0',NULL,NULL),(53,14,3,'0',NULL,NULL),(54,15,1,'0',NULL,NULL),(55,15,2,'0',NULL,NULL),(56,15,3,'0',NULL,NULL),(57,15,4,'0',NULL,NULL),(58,15,5,'0',NULL,NULL),(59,15,6,'0',NULL,NULL),(60,15,7,'0',NULL,NULL),(61,15,8,'0',NULL,NULL),(62,15,9,'0',NULL,NULL),(63,15,11,'0',NULL,NULL),(64,15,12,'0',NULL,NULL),(65,15,13,'0',NULL,NULL),(66,15,14,'0',NULL,NULL),(67,15,15,'0',NULL,NULL),(83,16,7,'0',NULL,NULL),(84,16,9,'0',NULL,NULL),(85,17,7,'0',NULL,NULL),(86,17,13,'0',NULL,NULL),(87,18,7,'0',NULL,NULL),(88,18,13,'0',NULL,NULL),(89,19,7,'0',NULL,NULL),(90,19,8,'0',NULL,NULL),(91,19,9,'0',NULL,NULL),(92,19,11,'0',NULL,NULL),(94,19,14,'0',NULL,NULL),(95,19,15,'0',NULL,NULL),(96,20,4,'0',NULL,NULL),(97,21,4,'0',NULL,NULL),(98,22,4,'0',NULL,NULL),(99,23,2,'0',NULL,NULL),(100,24,7,'0',NULL,NULL),(101,24,8,'0',NULL,NULL),(102,24,9,'0',NULL,NULL),(103,24,11,'0',NULL,NULL),(104,24,13,'0',NULL,NULL),(105,25,3,'0',NULL,NULL),(106,25,4,'0',NULL,NULL),(107,25,9,'0',NULL,NULL),(108,26,7,'0',NULL,NULL),(109,26,8,'0',NULL,NULL),(110,26,9,'0',NULL,NULL),(111,26,11,'0',NULL,NULL),(112,26,14,'0',NULL,NULL),(113,26,15,'0',NULL,NULL),(114,27,4,'0',NULL,NULL),(115,27,8,'0',NULL,NULL),(116,28,4,'0',NULL,NULL),(117,29,4,'0',NULL,NULL),(118,30,4,'0',NULL,NULL),(125,37,3,'0',NULL,NULL),(126,37,4,'0',NULL,NULL),(127,37,9,'0',NULL,NULL),(128,38,3,'0',NULL,NULL),(129,39,3,'0',NULL,NULL),(130,40,3,'0',NULL,NULL),(131,40,1,'0',NULL,NULL),(132,40,2,'0',NULL,NULL),(133,40,4,'0',NULL,NULL),(134,40,5,'0',NULL,NULL),(135,40,6,'0',NULL,NULL),(136,40,7,'0',NULL,NULL),(137,40,8,'0',NULL,NULL),(138,40,9,'0',NULL,NULL),(139,40,11,'0',NULL,NULL),(140,40,12,'0',NULL,NULL),(141,40,13,'0',NULL,NULL),(142,40,14,'0',NULL,NULL),(143,40,15,'0',NULL,NULL),(147,41,2,'0',NULL,NULL),(149,42,1,'0',NULL,NULL),(150,42,2,'0',NULL,NULL),(151,43,1,'0',NULL,NULL),(152,43,2,'0',NULL,NULL),(153,43,3,'0',NULL,NULL),(160,44,2,'0',NULL,NULL),(162,45,2,'0',NULL,NULL),(163,46,1,'0',NULL,NULL),(164,46,2,'0',NULL,NULL),(165,47,1,'0',NULL,NULL),(166,48,7,'0',NULL,NULL),(167,49,2,'0',NULL,NULL),(172,50,1,'0',NULL,NULL),(174,51,1,'0',NULL,NULL),(176,52,2,'0',NULL,NULL),(178,53,2,'0',NULL,NULL),(179,54,2,'0',NULL,NULL),(180,55,2,'0',NULL,NULL),(181,54,1,'0',NULL,NULL),(184,56,3,'0',NULL,NULL),(185,57,3,'0',NULL,NULL),(186,58,3,'0',NULL,NULL),(187,58,1,'0',NULL,NULL),(193,59,3,'0',NULL,NULL),(194,59,7,'0',NULL,NULL),(195,59,13,'0',NULL,NULL),(196,60,5,'0',NULL,NULL),(197,60,13,'0',NULL,NULL),(198,61,7,'0',NULL,NULL),(199,61,13,'0',NULL,NULL),(200,62,5,'0',NULL,NULL),(201,62,13,'0',NULL,NULL),(202,63,6,'0',NULL,NULL),(208,64,3,'0',NULL,NULL),(209,64,7,'0',NULL,NULL),(210,64,13,'0',NULL,NULL),(211,65,7,'0',NULL,NULL),(212,65,13,'0',NULL,NULL),(213,66,5,'0',NULL,NULL),(214,66,8,'0',NULL,NULL),(215,66,9,'0',NULL,NULL),(216,66,11,'0',NULL,NULL),(217,66,14,'0',NULL,NULL),(218,66,15,'0',NULL,NULL),(219,67,9,'0',NULL,NULL),(220,67,13,'0',NULL,NULL),(221,68,6,'0',NULL,NULL),(225,69,5,'0',NULL,NULL),(226,70,5,'0',NULL,NULL),(227,71,5,'0',NULL,NULL),(228,72,5,'0',NULL,NULL),(229,72,8,'0',NULL,NULL),(230,72,9,'0',NULL,NULL),(231,72,11,'0',NULL,NULL),(232,72,14,'0',NULL,NULL),(233,72,15,'0',NULL,NULL),(234,73,5,'0',NULL,NULL),(242,73,8,'0',NULL,NULL),(243,73,9,'0',NULL,NULL),(244,73,11,'0',NULL,NULL),(245,73,14,'0',NULL,NULL),(246,73,15,'0',NULL,NULL),(247,74,7,'0',NULL,NULL),(248,76,1,'0',NULL,NULL),(249,76,4,'0',NULL,NULL),(254,77,3,'0',NULL,NULL),(255,78,3,'0',NULL,NULL),(256,78,4,'0',NULL,NULL),(257,78,9,'0',NULL,NULL),(258,79,3,'0',NULL,NULL),(259,80,1,'0',NULL,NULL),(260,80,2,'0',NULL,NULL),(261,80,3,'0',NULL,NULL),(262,80,4,'0',NULL,NULL),(263,80,5,'0',NULL,NULL),(264,80,6,'0',NULL,NULL),(265,80,7,'0',NULL,NULL),(266,80,8,'0',NULL,NULL),(267,80,9,'0',NULL,NULL),(268,80,11,'0',NULL,NULL),(269,80,12,'0',NULL,NULL),(270,80,13,'0',NULL,NULL),(271,80,14,'0',NULL,NULL),(272,80,15,'0',NULL,NULL),(277,81,3,'0',NULL,NULL),(278,82,3,'0',NULL,NULL),(279,82,4,'0',NULL,NULL),(280,82,9,'0',NULL,NULL),(281,83,3,'0',NULL,NULL),(282,84,1,'0',NULL,NULL),(283,84,2,'0',NULL,NULL),(284,84,3,'0',NULL,NULL),(285,84,4,'0',NULL,NULL),(286,84,5,'0',NULL,NULL),(287,84,6,'0',NULL,NULL),(288,84,7,'0',NULL,NULL),(289,84,8,'0',NULL,NULL),(290,84,9,'0',NULL,NULL),(291,84,11,'0',NULL,NULL),(292,84,12,'0',NULL,NULL),(293,84,13,'0',NULL,NULL),(294,84,14,'0',NULL,NULL),(295,84,15,'0',NULL,NULL),(300,85,5,'0',NULL,NULL),(301,86,5,'0',NULL,NULL),(302,86,8,'0',NULL,NULL),(303,86,9,'0',NULL,NULL),(304,86,11,'0',NULL,NULL),(305,86,14,'0',NULL,NULL),(306,86,15,'0',NULL,NULL),(307,87,5,'0',NULL,NULL),(308,87,8,'0',NULL,NULL),(309,87,9,'0',NULL,NULL),(310,87,11,'0',NULL,NULL),(311,87,14,'0',NULL,NULL),(312,87,15,'0',NULL,NULL),(313,88,9,'0',NULL,NULL),(314,89,1,'0',NULL,NULL),(315,89,2,'0',NULL,NULL),(316,89,3,'0',NULL,NULL),(317,89,4,'0',NULL,NULL),(318,89,5,'0',NULL,NULL),(319,89,6,'0',NULL,NULL),(320,89,7,'0',NULL,NULL),(321,89,8,'0',NULL,NULL),(322,89,9,'0',NULL,NULL),(323,89,11,'0',NULL,NULL),(324,89,12,'0',NULL,NULL),(325,89,13,'0',NULL,NULL),(326,89,14,'0',NULL,NULL),(327,89,15,'0',NULL,NULL),(328,90,1,'0',NULL,NULL),(329,91,1,'0',NULL,NULL),(330,91,2,'0',NULL,NULL),(331,91,3,'0',NULL,NULL),(332,91,4,'0',NULL,NULL),(333,91,5,'0',NULL,NULL),(334,91,6,'0',NULL,NULL),(335,91,7,'0',NULL,NULL),(336,91,8,'0',NULL,NULL),(337,91,9,'0',NULL,NULL),(338,91,11,'0',NULL,NULL),(339,91,12,'0',NULL,NULL),(340,91,13,'0',NULL,NULL),(341,91,14,'0',NULL,NULL),(342,91,15,'0',NULL,NULL),(343,90,2,'0',NULL,NULL),(344,90,3,'0',NULL,NULL),(345,90,4,'0',NULL,NULL),(346,90,5,'0',NULL,NULL),(347,90,6,'0',NULL,NULL),(348,90,7,'0',NULL,NULL),(349,90,8,'0',NULL,NULL),(350,90,9,'0',NULL,NULL),(351,90,11,'0',NULL,NULL),(352,90,12,'0',NULL,NULL),(353,90,13,'0',NULL,NULL),(354,90,14,'0',NULL,NULL),(355,90,15,'0',NULL,NULL),(356,92,5,'0',NULL,NULL),(357,93,5,'0',NULL,NULL),(362,94,2,'0',NULL,NULL),(363,94,4,'0',NULL,NULL),(365,95,2,'0',NULL,NULL),(366,96,1,'0',NULL,NULL),(367,96,2,'0',NULL,NULL),(368,96,4,'0',NULL,NULL),(369,97,2,'0',NULL,NULL),(375,98,12,'0',NULL,NULL),(376,99,12,'0',NULL,NULL),(377,100,12,'0',NULL,NULL),(378,101,5,'0',NULL,NULL),(379,102,5,'0',NULL,NULL),(380,103,5,'0',NULL,NULL),(381,104,5,'0',NULL,NULL),(382,105,5,'0',NULL,NULL),(383,106,5,'0',NULL,NULL),(384,24,14,'0',NULL,NULL),(385,24,15,'0',NULL,NULL),(386,31,12,'0',NULL,NULL),(387,32,12,'0',NULL,NULL),(388,33,12,'0',NULL,NULL),(389,34,12,'0',NULL,NULL),(390,35,12,'0',NULL,NULL),(391,36,12,'0',NULL,NULL),(392,17,0,'0',NULL,NULL),(393,47,0,'0',NULL,NULL),(394,48,0,'0',NULL,NULL),(395,50,2,'0',NULL,NULL),(396,51,2,'0',NULL,NULL),(397,75,7,'0',NULL,NULL),(398,94,1,'0',NULL,NULL),(399,97,1,'0',NULL,NULL),(400,97,14,'0',NULL,NULL);

/*Table structure for table `risk_mitigations` */

DROP TABLE IF EXISTS `risk_mitigations`;

CREATE TABLE `risk_mitigations` (
  `id` int(11) unsigned NOT NULL AUTO_INCREMENT,
  `id_risk_event` int(11) NOT NULL,
  `risk_mitigation` varchar(500) NOT NULL,
  `id_pic` varchar(200) NOT NULL,
  `is_active` enum('0','1') NOT NULL,
  `created_at` datetime DEFAULT NULL,
  `updated_at` datetime DEFAULT NULL,
  PRIMARY KEY (`id`)
) ENGINE=InnoDB AUTO_INCREMENT=107 DEFAULT CHARSET=utf8;

/*Data for the table `risk_mitigations` */

insert  into `risk_mitigations`(`id`,`id_risk_event`,`risk_mitigation`,`id_pic`,`is_active`,`created_at`,`updated_at`) values (1,1,'Memaksimalkan fungsi kontrol anggaran perusahaan dengan berbasis sistem informasi teknologi yang terintegrasi','','1',NULL,NULL),(2,1,'Memutakhirkan kehandalan SOP anggaran','','1',NULL,NULL),(3,1,'Memaksimalkan fungsi Satuan Pengawasan Internal','','1',NULL,NULL),(4,1,'Memaksimalkan fungsi Unit Evaluasi Kinerja','','1',NULL,NULL),(5,1,'Pemeliharaan dan perbaikan bus dilaksanakan secara optimal sesuai dengan SOP','','1',NULL,NULL),(6,1,'Melakukan pembinaan terhadap pramudi secara berkala','','1',NULL,NULL),(7,1,'Meningkatkan kompetensi pramudi dengan diklat/sertfikasi','','1',NULL,NULL),(8,1,'Adanya penyesuaian skema penggajian pramudi menyesuaikan dengan pencapaian pendapatan','','1',NULL,NULL),(9,1,'Membuat program OJT (On Job Training) Pramudi secara periodik dengan kuota 10-20% dari total jumlah pramudi, sehingga jika terdapat penurunan jumlah operasi bus, dapat dilakukan pengurangan pramudi dengan status OJT.','','1',NULL,NULL),(10,1,'Adanya penjadwalan penerimaan pramudi sehingga jika terdapat penurunan jumlah operasi bus, juga terdapat kontrak pramudi yang habis','','1',NULL,NULL),(11,2,'Melakukan pinjaman kepada Lembaga Keuangan dan Bank dengan refinancing/restrukturisasi pinjaman jangka panjang (Bank BTN)','','1',NULL,NULL),(12,2,'Optimalisasi sumber pendapatan usaha dan pendapatan usaha lainnya','','1',NULL,NULL),(13,2,'Kompensasi kerjasama pemanfaatan lahan TOD PPD-ACP (4,6 Milyar)','','1',NULL,NULL),(14,2,'Optimalisasi penagihan piutang usaha','','1',NULL,NULL),(15,2,'Memaksimalkan fungsi kontrol anggaran Perusahaan dengan berbasis sistem informasi teknologi yang terintegrasi','','1',NULL,NULL),(16,3,'Berkoordinasi dengan PT. Transportasi Jakarta dalam rangka upaya memaksimalkan jumlah bus SO, kilometer, penurunan split bus, dan pengurangan dengan km','','1',NULL,NULL),(17,3,'Berkoordinasi dengan PT. Transportasi Jakarta terkait kontrak baru 102 bus yang akan habis di tahun 2022','','1',NULL,NULL),(18,3,'Memastikan target bus SGO lebih tinggi dibandingkan dengan rencana bus operasi','','1',NULL,NULL),(19,3,'Memastikan kelengkapan administrasi bus sesuai dengan peraturan yang berlaku','','1',NULL,NULL),(20,3,'Memastikan adanya kajian perencanaan pemasaran meliputi : strategi, rencana pelaksanaan, dan target','','1',NULL,NULL),(21,3,' Melakukan evaluasi implementasi dan target pemasaran secara berkala ','','1',NULL,NULL),(22,3,'Melakukan promosi secara tepat sasaran','','1',NULL,NULL),(23,3,'Memastikan kajian perencanaan bisnis secara akurat  ','','1',NULL,NULL),(24,3,'Memastikan layanan bus sesuai dengan SOP dan SPM  ','','1',NULL,NULL),(25,3,'Optimalisasi sumber pendapatan usaha dan pendapatan usaha lainnya','','1',NULL,NULL),(26,3,'Meningkatkan pengawasan dan evaluasi operasional secara berkala','','1',NULL,NULL),(27,3,'Mengembangkan sistem pembayaran cashless sesuai dan mengurangi penggunaan sistem pembayaran tunai sesuai dengan target','','1',NULL,NULL),(28,3,'Melakukan survei kepuasan pelanggan secara berkala dan mengevaluasi serta menindaklanjuti hasil survei pelayanan pelanggan dengan strategi yang tepat sasaran','','1',NULL,NULL),(29,3,'Melakukan program loyalitas pelanggan secara berkala','','1',NULL,NULL),(30,3,'Meningkatkan interaksi antara perusahaan dan pelanggan melalui berbagai media yang disediakan perusahaan','','1',NULL,NULL),(31,4,'Kegiatan Internal PPD','','1',NULL,NULL),(32,4,'Koordinasi dengan PT. ACP','','1',NULL,NULL),(33,4,'Koordinasi dengan Pemprov DKI Jakarta','','1',NULL,NULL),(34,4,' Koordiansi dengan Kejaksaan Negeri','','1',NULL,NULL),(35,4,'Melakukan pembayaran legalitas pertanahan yang masih tertunggak seperti (BPHTB, sertifikat lahan, dan sebagainya','','1',NULL,NULL),(36,4,'Melakukan pengurusan pencabutan eksekusi sita lahan di Pengadilan Negeri Jakarta Barat','','1',NULL,NULL),(37,5,'Optimalisasi sumber pendapatan usaha dan pendapatan usaha lainnya','','1',NULL,NULL),(38,5,'Optimalisasi pengihan piutang usaha','','1',NULL,NULL),(39,5,'Melakukan percepatan koordinasi teknis secara efektif dengan KBUMN dan Keuangan, dalam rangka penyelesaian utang RDI menjadi PMN','','1',NULL,NULL),(40,5,'Optimalisasi kontrol dan pengawasan anggaran','','1',NULL,NULL),(41,6,'Mengikuti lelang layanan berbasis PSO lainnya','','1',NULL,NULL),(42,6,'Membuka peluang kerjasama dengan beberapa mitra lainnya, sehingga terdapat banyak pilihan ','','1',NULL,NULL),(43,6,'Membuka peluang skema financing dalam investasi bus listrik','','1',NULL,NULL),(44,7,'Memastikan kelengkapan administrasi lelang dan melaksanakan upload lelang lebih awal, sehingga memiliki banyak waktu jika terdapat kekurangan dokumen','','1',NULL,NULL),(45,7,'Memastikan penawaran harga tidak terlalu tinggi namun masih dalam batasan ketegori layak sesuai perhitungan kelayakan bisnis','','1',NULL,NULL),(46,7,'Membuka peluang kerjasama dengan beberapa mitra lainnya, sehingga terdapat banyak pilihan','','1',NULL,NULL),(47,7,'Melakukan Pendandatangan kontrak kerjasama bus listrik dengan PT. Transportasi Jakarta','','1',NULL,NULL),(48,7,'Pengoperasian Bus Listrik','','1',NULL,NULL),(49,7,'Mengikuti lelang layanan berbasis PSO lainnya','','1',NULL,NULL),(50,8,'Mengupayakan adanya pembayaran berdasarkan pencapaian kilometer minimal dalam kontrak ','','1',NULL,NULL),(51,8,'Mengupayakan adanya opsi perpanjangan kontrak mencapai target volume kilometer','','1',NULL,NULL),(52,9,'Memastikan kelengkapan administrasi lelang dan melaksanakan upload lelang lebih awal, sehingga memiliki banyak waktu jika terdapat kekuarngan dokumen','','1',NULL,NULL),(53,9,'Memastikan penawaran harga tidak terlalu tinggi namun masih dalam batasan ketegori layaka sesuai perhitungan kelayakan bisnis','','1',NULL,NULL),(54,9,'Membuka peluang kerjasama dengan beberapa mitra lainnya, sehingga terdapat banyak pilihan','','1',NULL,NULL),(55,9,'Mengikuti lelang layanan berbasis PSO lainnya','','1',NULL,NULL),(56,10,'Mengupayakan tingkat kesehatan perusahaan dalam kondisi sehat','','1',NULL,NULL),(57,10,'Melakukan pinjaman kepada Lembaga Keuangan dan Bank dengan refinancing/restrukturisasi pinjaman dengan bunga pinjaman lebih rendah','','1',NULL,NULL),(58,10,'Mencari sumber pembiayaan eksternal lainnya yang memungkinkan diperoleh perusahaan dan berbiaya kompetitif','','1',NULL,NULL),(59,11,'Pemeliharaan dan perbaikan bus dilaksanakan sesuai dengan SOP, dan terdokumentasi','','1',NULL,NULL),(60,11,'Pembinaan terhadap teknisi dilaksanakan secara berkala','','1',NULL,NULL),(61,11,'Melakukan evaluasi kondisi bus secara berkala','','1',NULL,NULL),(62,11,'Pemberian sanksi terhadap kelalalian teknisi','','1',NULL,NULL),(63,11,'Memaksimalkan fungsi Satuan Pengawasan Internal','','1',NULL,NULL),(64,12,'Pemeliharaan dan perbaikan bus dilaksanakan secara optimal sehingga tercapai jumlah bus SGO sesuai target','','1',NULL,NULL),(65,12,'Melakukan identifikasi terkait kerusakan bus dan LAKA secara berkala','','1',NULL,NULL),(66,12,'Ketersediaan jumlah pramudi dipastikan tetap sesuai dengan jumlah bus operasi sesuai rasio yang telah ditetapkan','','1',NULL,NULL),(67,12,'Koordinasi antara SBU Transbusway dengan SBU Pemeliharaan dan Perbaikan bus terkait rencana operasi bus','','1',NULL,NULL),(68,12,'Memaksimalkan fungsi Satuan Pengawasan Internal','','1',NULL,NULL),(69,13,'Percepatan implementasi Sistem Manajemen Kinerja dan Pola Karir Karyawan secara optimal','','1',NULL,NULL),(70,13,'Memastikan prioritas serapan anggaran untuk program kesejahteraan pegawai','','1',NULL,NULL),(71,13,'Melakukan survei kepuasan karyawan secara berkala','','1',NULL,NULL),(72,14,'Meningkatkan pengawasan terhadap pramudi secara berkala','','1',NULL,NULL),(73,14,'Melaksanakan pembinaan terhadap pramudi secara berkala','','1',NULL,NULL),(74,14,'Penerapan Sistem Manajemen Keselamatan','','1',NULL,NULL),(75,14,'Melakukan identifikasi terkait kerusakan bus dan LAKA secara berkala','','1',NULL,NULL),(76,15,'Melakukan kerjasama sistem pembayaran dengan platform transportasi online lainnya','','1',NULL,NULL),(77,16,'Melakukan pinjaman kepada Lembaga Keuangan dan Bank dengan refinancing/restrukturisasi pinjaman jangka panjang','','1',NULL,NULL),(78,16,'Optimalisasi sumber pendapatan usaha dan pendapatan usaha lainnya','','1',NULL,NULL),(79,16,'Optimalisasi penagihan piutang usaha','','1',NULL,NULL),(80,16,'Optimalisasi kontrol dan pengawasan anggaran','','1',NULL,NULL),(81,17,'Melakukan pinjaman kepada Lembaga Keuangan dan Bank dengan refinancing/restrukturisasi pinjaman jangka panjang','','1',NULL,NULL),(82,17,'Optimalisasi sumber pendapatan usaha dan pendapatan usaha lainnya','','1',NULL,NULL),(83,17,'Optimalisasi penagihan piutang usaha','','1',NULL,NULL),(84,17,'Optimalisasi kontrol dan pengawasan anggaran','','1',NULL,NULL),(85,18,'Meningkatkan pengawasan terhadap pramudi secara berkala','','1',NULL,NULL),(86,18,'Adanya pemeriksaan kondisi kesehatan pada pramudi secara berkala','','1',NULL,NULL),(87,18,'Melaksanakan pembinaan terhadap pramudi secara berkala','','1',NULL,NULL),(88,18,'Penambahan dan penyesuaian lokasi pengisian BBM','','1',NULL,NULL),(89,19,'Melakukan penyusunan tim bersama antara Perum PPD dan Perum Damri','','1',NULL,NULL),(90,19,'Memastikan penyampaian data - data yang dibutuhkan oleh Konsultan Bersama, sesuai dengan target','','1',NULL,NULL),(91,19,'Memastikan pelaksanaan kegiatan penyusunan kajian sesuai dengan timeline yang direncanakan','','1',NULL,NULL),(92,20,'Melaksanakan sosialisasi dan koordinasi secara rutin terhadap pramudi','','1',NULL,NULL),(93,20,'Meningkatkan kompetensi pramudi melalui kegiatan diklat/sertifikasi','','1',NULL,NULL),(94,21,'Memastikan kelengkapan administrasi lelang dan melaksanakan upload lelang lebih awal, sehingga memiliki banyak waktu jika terdapat kekurangan dokumen','','1',NULL,NULL),(95,21,'Memastikan penawaran harga tidak terlalu tinggi namun masih dalam batasan ketegori layaka sesuai perhitungan kelayakan bisnis','','1',NULL,NULL),(96,21,'Membuka peluang kerjasama dengan beberapa mitra lainnya, sehingga terdapat banyak pilihan','','1',NULL,NULL),(97,21,'Mengikuti lelang layanan berbasis PSO lainnya','','1',NULL,NULL),(98,22,'Memprioritaskan proses clean and clear lahan yang dikerjasamakan','','1',NULL,NULL),(99,22,'Melakukan koordinasi dengan pihak ACP terkait pembayaran kompensasi kerjasama BOT','','1',NULL,NULL),(100,22,'Melakukan upaya hukum atas ketdikasesuaian kontrak terkait skema pembayaran kompensasi kerjasama BOT','','1',NULL,NULL),(101,23,'Peningkatan kompetensi pegawai milenial dengan pelaksanaan diklat dan sertifikasi','','1',NULL,NULL),(102,23,'Peningkatan kompetensi pegawai milenial dengan melibatkan dalam kegiatan - kegiatan strategik perusahaan','','1',NULL,NULL),(103,23,'Adanya pelaksanaan penerimaan pegawai eksternal','','1',NULL,NULL),(104,24,'Peningkatan kompetensi pegawai perempuan dengan pelaksanaan diklat dan sertifikasi','','1',NULL,NULL),(105,24,'Peningkatan kompetensi pegawai perempuan dengan melibatkan dalam kegiatan - kegiatan strategik perusahaan','','1',NULL,NULL),(106,24,'Adanya pelaksanaan penerimaan pegawai eksternal','','1',NULL,NULL);

/*Table structure for table `users` */

DROP TABLE IF EXISTS `users`;

CREATE TABLE `users` (
  `id` int(11) unsigned NOT NULL AUTO_INCREMENT,
  `id_group` int(5) NOT NULL,
  `id_division` int(5) NOT NULL,
  `email` varchar(255) NOT NULL,
  `password` varchar(255) NOT NULL,
  `username` varchar(255) NOT NULL,
  `name` varchar(255) NOT NULL,
  `gender` enum('pria','wanita') NOT NULL,
  `no_telp` varchar(100) NOT NULL,
  `alamat` varchar(255) NOT NULL,
  `is_active` enum('0','1') NOT NULL,
  `created_at` datetime DEFAULT NULL,
  `updated_at` datetime DEFAULT NULL,
  PRIMARY KEY (`id`)
) ENGINE=InnoDB AUTO_INCREMENT=17 DEFAULT CHARSET=utf8;

/*Data for the table `users` */

insert  into `users`(`id`,`id_group`,`id_division`,`email`,`password`,`username`,`name`,`gender`,`no_telp`,`alamat`,`is_active`,`created_at`,`updated_at`) values (1,1,0,'psmr@perumppd.co.id','5f4dcc3b5aa765d61d8327deb882cf99','tes','Superadmin','wanita','7899654125','jakarta','1',NULL,NULL),(2,2,1,'pic@perumppd.co.id','5f4dcc3b5aa765d61d8327deb882cf99','tes','Sharma','pria','7899654125','jakarta','1',NULL,NULL),(3,2,3,'keuangan@perumppd.co.id','5f4dcc3b5aa765d61d8327deb882cf99','','Risk Owner','pria','','','1',NULL,NULL),(4,2,4,'komersial@perumppd.co.id','5f4dcc3b5aa765d61d8327deb882cf99','','Risk Owner','pria','','','1',NULL,NULL),(5,2,5,'sdm@perumppd.co.id','5f4dcc3b5aa765d61d8327deb882cf99','','Risk Owner','pria','','','1',NULL,NULL),(6,2,7,'opstek@perumppd.co.id','5f4dcc3b5aa765d61d8327deb882cf99','','Risk Owner','pria','','','1',NULL,NULL),(7,2,2,'divpsmr@perumppd.co.id','5f4dcc3b5aa765d61d8327deb882cf99','','Risk Owner','pria','','','1',NULL,NULL),(8,2,1,'sekper@perumppd.co.id','5f4dcc3b5aa765d61d8327deb882cf99','','Risk Owner','pria','','','1',NULL,NULL),(9,2,6,'spi@perumppd.co.id','5f4dcc3b5aa765d61d8327deb882cf99','','Risk Owner','pria','','','1',NULL,NULL),(10,2,8,'transjabodetabek@perumppd.co.id','5f4dcc3b5aa765d61d8327deb882cf99','','Risk Owner','pria','','','1',NULL,NULL),(11,2,9,'transbusway@perumppd.co.id','5f4dcc3b5aa765d61d8327deb882cf99','','Risk Owner','pria','','','1',NULL,NULL),(12,2,11,'mac@perumppd.co.id','5f4dcc3b5aa765d61d8327deb882cf99','','Risk Owner','pria','','','1',NULL,NULL),(13,2,13,'pemhar@perumppd.co.id','5f4dcc3b5aa765d61d8327deb882cf99','','Risk Owner','pria','','','1',NULL,NULL),(14,2,14,'pariwisatajakarta@perumppd.co.id','5f4dcc3b5aa765d61d8327deb882cf99','','Risk Owner','pria','','','1',NULL,NULL),(15,2,15,'pariwisatabali@perumppd.co.id','5f4dcc3b5aa765d61d8327deb882cf99','','Risk Owner','pria','','','1',NULL,NULL),(16,2,12,'aslog@perumppd.co.id','5f4dcc3b5aa765d61d8327deb882cf99','','Risk Owner','pria','','','1',NULL,NULL);

/*!40101 SET SQL_MODE=@OLD_SQL_MODE */;
/*!40014 SET FOREIGN_KEY_CHECKS=@OLD_FOREIGN_KEY_CHECKS */;
